year,entrantId,countryId,entrantId
1950,alfa-romeo-spa,italy,Italy 
1950,andy-granatelli,united-states-of-america,United States Of America
1950,antonio-branca,switzerland,Switzerland 
1950,automobiles-talbot-darracq,france,France 
1950,bardahl,united-states-of-america,United States Of America
1950,blue-crown-spark-plug,united-states-of-america,United States Of America
1950,bob-gerard,united-kingdom,United Kingdom
1950,charles-pozzi,france,France 
1950,city-of-glendale,united-states-of-america,United States Of America
1950,clemente-biondetti,italy,Italy 
1950,cummins-diesel,united-states-of-america,United States Of America
1950,cuth-harrison,united-kingdom,United Kingdom
1950,ecurie-belge,belgium,Belgium 
1950,ecurie-bleue,united-states-of-america,United States Of America
1950,ecurie-lutetia,france,France 
1950,ecurie-rosier,france,France 
1950,enrico-plate,switzerland,Switzerland 
1950,equipe-gordini,france,France 
1950,erwin-wolfe,united-states-of-america,United States Of America
1950,eugene-casaroll,united-states-of-america,United States Of America
1950,fadely-anderson,united-states-of-america,United States Of America
1950,geoffrey-crossley,united-kingdom,United Kingdom
1950,george-bignotti,united-states-of-america,United States Of America
1950,george-tuffanelli,united-states-of-america,United States Of America
1950,guy-mairesse,france,France 
1950,horschell-racing-corporation,united-states-of-america,United States Of America
1950,howard-keck,united-states-of-america,United States Of America
1950,indianapolis-race-cars,united-states-of-america,United States Of America
1950,jack-hinkle,united-states-of-america,United States Of America
1950,jc-agajanian,united-states-of-america,United States Of America
1950,joe-fry,united-kingdom,United Kingdom
1950,joe-kelly,ireland,Ireland 
1950,kurtis-kraft-inc,united-states-of-america,United States Of America
1950,ludson-morris,united-states-of-america,United States Of America
1950,m-pete-wales,united-states-of-america,United States Of America
1950,ma-walker,united-states-of-america,United States Of America
1950,milt-marton,united-states-of-america,United States Of America
1950,murrell-belanger,united-states-of-america,United States Of America
1950,norm-olson,united-states-of-america,United States Of America
1950,officine-alfieri-maserati,italy,Italy 
1950,pat-clancy,united-states-of-america,United States Of America
1950,paul-pietsch,germany,Germany 
1950,paul-russo-ray-nichels,united-states-of-america,United States Of America
1950,peter-walker,united-kingdom,United Kingdom
1950,peter-whitehead,united-kingdom,United Kingdom
1950,philippe-etancelin,france,France 
1950,pierre-levegh,france,France 
1950,pioneer-auto-repair,united-states-of-america,United States Of America
1950,raymond-sommer,france,France 
1950,richard-palmer,united-states-of-america,United States Of America
1950,sampson-manufacturing,united-states-of-america,United States Of America
1950,scuderia-achille-varzi,argentina,Argentina 
1950,scuderia-ambrosiana,italy,Italy 
1950,scuderia-ferrari,italy,Italy 
1950,scuderia-milano,italy,Italy 
1950,taso-mathieson,united-kingdom,United Kingdom
1950,troy-oil,united-states-of-america,United States Of America
1950,verlin-brown,united-states-of-america,United States Of America
1951,alfa-romeo-spa,italy,Italy 
1951,andy-granatelli,united-states-of-america,United States Of America
1951,antonio-branca,switzerland,Switzerland 
1951,bardahl,united-states-of-america,United States Of America
1951,blakely,united-states-of-america,United States Of America
1951,blue-crown-spark-plug,united-states-of-america,United States Of America
1951,bob-estes,united-states-of-america,United States Of America
1951,bob-gerard,united-kingdom,United Kingdom
1951,brian-shawe-taylor,united-kingdom,United Kingdom
1951,brm-ltd,united-kingdom,United Kingdom
1951,central-excavating,united-states-of-america,United States Of America
1951,dan-levine,united-states-of-america,United States Of America
1951,deck-manufacturing,united-states-of-america,United States Of America
1951,duncan-hamilton,united-kingdom,United Kingdom
1951,ecurie-belge,belgium,Belgium 
1951,ecurie-belgique,belgium,Belgium 
1951,ecurie-espadon,switzerland,Switzerland 
1951,ecurie-rosier,france,France 
1951,ed-walsh,united-states-of-america,United States Of America
1951,enrico-plate,switzerland,Switzerland 
1951,equipe-gordini,france,France 
1951,eugene-casaroll,united-states-of-america,United States Of America
1951,eugene-chaboud,france,France 
1951,francisco-landi,brazil,Brazil 
1951,ga-vandervell,united-kingdom,United Kingdom
1951,george-leitenberger,united-states-of-america,United States Of America
1951,georges-grignard,france,France 
1951,graham-whitehead,united-kingdom,United Kingdom
1951,grant-piston-ring,united-states-of-america,United States Of America
1951,ha-chapman,united-states-of-america,United States Of America
1951,howard-keck,united-states-of-america,United States Of America
1951,hw-motors,united-kingdom,United Kingdom
1951,jack-hinkle,united-states-of-america,United States Of America
1951,jc-agajanian,united-states-of-america,United States Of America
1951,jim-robbins,united-states-of-america,United States Of America
1951,joe-kelly,ireland,Ireland 
1951,john-james,united-kingdom,United Kingdom
1951,jose-froilan-gonzalez,argentina,Argentina 
1951,karl-hall,united-states-of-america,United States Of America
1951,lee-elkins,united-states-of-america,United States Of America
1951,lewis-welch,united-states-of-america,United States Of America
1951,ludson-morris,united-states-of-america,United States Of America
1951,ma-walker,united-states-of-america,United States Of America
1951,murrell-belanger,united-states-of-america,United States Of America
1951,osca-automobili,italy,Italy 
1951,parks-offenhauser,united-states-of-america,United States Of America
1951,peter-hirt,switzerland,Switzerland 
1951,peter-schmidt,united-states-of-america,United States Of America
1951,peter-whitehead,united-kingdom,United Kingdom
1951,philip-fotheringham-parker,united-kingdom,United Kingdom
1951,philippe-etancelin,france,France 
1951,pierre-levegh,france,France 
1951,prince-bira,thailand,Thailand 
1951,scuderia-ambrosiana,italy,Italy 
1951,scuderia-ferrari,italy,Italy 
1951,scuderia-milano,italy,Italy 
1951,tuffanelli-derrico,united-states-of-america,United States Of America
1951,verlin-brown,united-states-of-america,United States Of America
1951,w-j,united-states-of-america,United States Of America
1951,william-ansted,united-states-of-america,United States Of America
1951,yves-giraud-cabantous,france,France 
1952,adolf-brudes,germany,Germany 
1952,afm,germany,Germany 
1952,ahm-bryde,united-kingdom,United Kingdom
1952,alfred-dattner,switzerland,Switzerland 
1952,andy-granatelli,united-states-of-america,United States Of America
1952,arthur-legat,belgium,Belgium 
1952,belanger-motors,united-states-of-america,United States Of America
1952,bernhard-nacke,germany,Germany 
1952,bessie-lee-paoli,united-states-of-america,United States Of America
1952,blue-crown-spark-plug,united-states-of-america,United States Of America
1952,bob-estes,united-states-of-america,United States Of America
1952,central-excavating,united-states-of-america,United States Of America
1952,coast-grain,united-states-of-america,United States Of America
1952,connaught-engineering,united-kingdom,United Kingdom
1952,cummins-diesel,united-states-of-america,United States Of America
1952,ecurie-belge,belgium,Belgium 
1952,ecurie-ecosse,united-kingdom,United Kingdom
1952,ecurie-espadon,switzerland,Switzerland 
1952,ecurie-francorchamps,belgium,Belgium 
1952,ecurie-richmond,united-kingdom,United Kingdom
1952,ecurie-rosier,france,France 
1952,ed-walsh,united-states-of-america,United States Of America
1952,elie-bayol,france,France 
1952,english-racing-automobiles-ltd,united-kingdom,United Kingdom
1952,enrico-plate,switzerland,Switzerland 
1952,equipe-gordini,france,France 
1952,ernst-klodwig,germany,Germany 
1952,escuderia-bandeirantes,brazil,Brazil 
1952,federal-auto-associates,united-states-of-america,United States Of America
1952,fritz-riess,germany,Germany 
1952,g-caprara,italy,Italy 
1952,george-leitenberger,united-states-of-america,United States Of America
1952,ha-chapman,united-states-of-america,United States Of America
1952,hans-klenk,germany,Germany 
1952,hart-fullerton,united-states-of-america,United States Of America
1952,helmut-niedermayr,germany,Germany 
1952,howard-keck,united-states-of-america,United States Of America
1952,hw-motors,united-kingdom,United Kingdom
1952,jack-hinkle,united-states-of-america,United States Of America
1952,jc-agajanian,united-states-of-america,United States Of America
1952,jim-robbins,united-states-of-america,United States Of America
1952,josef-peters,germany,Germany 
1952,ken-downing,united-kingdom,United Kingdom
1952,lee-elkins,united-states-of-america,United States Of America
1952,leslie-d-hawthorn,united-kingdom,United Kingdom
1952,lewis-welch,united-states-of-america,United States Of America
1952,ludson-morris,united-states-of-america,United States Of America
1952,ludwig-fischer,germany,Germany 
1952,ma-walker,united-states-of-america,United States Of America
1952,marcel-balsa,france,France 
1952,mel-wiggers,united-states-of-america,United States Of America
1952,motor-presse-verlag,germany,Germany 
1952,officine-alfieri-maserati,italy,Italy 
1952,peter-schmidt,united-states-of-america,United States Of America
1952,peter-whitehead,united-kingdom,United Kingdom
1952,piero-dusio,italy,Italy 
1952,ray-t-brady,united-states-of-america,United States Of America
1952,robert-obrien,united-states-of-america,United States Of America
1952,robin-montgomerie-charrington,united-kingdom,United Kingdom
1952,roger-wolcott,united-states-of-america,United States Of America
1952,rudolf-krause,germany,Germany 
1952,scuderia-ferrari,italy,Italy 
1952,scuderia-franera,united-kingdom,United Kingdom
1952,scuderia-marzotto,italy,Italy 
1952,theo-helfrich,germany,Germany 
1952,tom-sarafoff,united-states-of-america,United States Of America
1952,toni-ulmen,germany,Germany 
1952,tony-crook,united-kingdom,United Kingdom
1952,tony-gaze,australia,Australia 
1952,vicomtesse-de-walckiers,belgium,Belgium 
1952,willi-heeks,germany,Germany 
1952,willi-krakau,germany,Germany 
1952,william-ansted,united-states-of-america,United States Of America
1952,ws-aston,united-kingdom,United Kingdom
1953,3-l-racing-team,united-states-of-america,United States Of America
1953,ae-dean,united-states-of-america,United States Of America
1953,arthur-legat,belgium,Belgium 
1953,atlantic-stable,united-kingdom,United Kingdom
1953,bessie-lee-paoli,united-states-of-america,United States Of America
1953,bob-estes,united-states-of-america,United States Of America
1953,bob-gerard,united-kingdom,United Kingdom
1953,chapman-s-root,united-states-of-america,United States Of America
1953,connaught-engineering,united-kingdom,United Kingdom
1953,cooper-car-company,united-kingdom,United Kingdom
1953,dora-greifzu,germany,Germany 
1953,dr-rn-sabourin,united-states-of-america,United States Of America
1953,ecurie-belge,belgium,Belgium 
1953,ecurie-ecosse,united-kingdom,United Kingdom
1953,ecurie-espadon,switzerland,Switzerland 
1953,ecurie-francorchamps,belgium,Belgium 
1953,ecurie-rosier,france,France 
1953,ed-walsh,united-states-of-america,United States Of America
1953,elie-bayol,france,France 
1953,emmanuel-de-graffenried,switzerland,Switzerland 
1953,enrico-plate,switzerland,Switzerland 
1953,equipe-anglaise,united-kingdom,United Kingdom
1953,equipe-gordini,france,France 
1953,ernest-l-ruiz,united-states-of-america,United States Of America
1953,ernst-klodwig,germany,Germany 
1953,ernst-loof,germany,Germany 
1953,erwin-bauer,germany,Germany 
1953,escuderia-bandeirantes,brazil,Brazil 
1953,eugene-casaroll,united-states-of-america,United States Of America
1953,federal-auto-associates,united-states-of-america,United States Of America
1953,franklin-merkler,united-states-of-america,United States Of America
1953,georges-berger,belgium,Belgium 
1953,grancor-auto-specialists,united-states-of-america,United States Of America
1953,gunther-bechem,germany,Germany 
1953,ha-chapman,united-states-of-america,United States Of America
1953,hans-herrmann,germany,Germany 
1953,hans-stuck,germany,Germany 
1953,hart-fullerton,united-states-of-america,United States Of America
1953,helmut-niedermayr,germany,Germany 
1953,howard-keck,united-states-of-america,United States Of America
1953,hw-motors,united-kingdom,United Kingdom
1953,jack-hinkle,united-states-of-america,United States Of America
1953,jc-agajanian,united-states-of-america,United States Of America
1953,john-l-mcdaniel,united-states-of-america,United States Of America
1953,john-zink,united-states-of-america,United States Of America
1953,js-belond,united-states-of-america,United States Of America
1953,ken-wharton,united-kingdom,United Kingdom
1953,lee-elkins,united-states-of-america,United States Of America
1953,lewis-welch,united-states-of-america,United States Of America
1953,louis-chiron,monaco,Monaco 
1953,ma-walker,united-states-of-america,United States Of America
1953,murrell-belanger,united-states-of-america,United States Of America
1953,officine-alfieri-maserati,italy,Italy 
1953,osca-automobili,italy,Italy 
1953,oswald-karch,germany,Germany 
1953,otto-adoph-stoye,united-states-of-america,United States Of America
1953,pat-clancy,united-states-of-america,United States Of America
1953,peter-schmidt,united-states-of-america,United States Of America
1953,ray-crawford,united-states-of-america,United States Of America
1953,ray-t-brady,united-states-of-america,United States Of America
1953,rennkollektiv-emw,germany,Germany 
1953,rj-chase,united-kingdom,United Kingdom
1953,rodney-nuckey,united-kingdom,United Kingdom
1953,rotary-engineering-corp,united-states-of-america,United States Of America
1953,rrc-walker-racing-team,united-kingdom,United Kingdom
1953,scuderia-ferrari,italy,Italy 
1953,scuderia-milano,italy,Italy 
1953,storey-ricketts,united-states-of-america,United States Of America
1953,theo-helfrich,germany,Germany 
1953,tom-sarafoff,united-states-of-america,United States Of America
1953,tony-crook,united-kingdom,United Kingdom
1953,willi-heeks,germany,Germany 
1953,william-lutes,united-states-of-america,United States Of America
1953,wolfgang-seidel,germany,Germany 
1954,advance-muffler,united-states-of-america,United States Of America
1954,andy-granatelli,united-states-of-america,United States Of America
1954,bessie-lee-paoli,united-states-of-america,United States Of America
1954,bill-whitehouse,united-kingdom,United Kingdom
1954,bob-estes,united-states-of-america,United States Of America
1954,bob-gerard,united-kingdom,United Kingdom
1954,cars-inc,united-states-of-america,United States Of America
1954,chapman-s-root,united-states-of-america,United States Of America
1954,daimler-benz-ag,germany,Germany 
1954,dean-van-lines-racing,united-states-of-america,United States Of America
1954,dr-rn-sabourin,united-states-of-america,United States Of America
1954,ecurie-ecosse,united-kingdom,United Kingdom
1954,ecurie-francorchamps,belgium,Belgium 
1954,ecurie-richmond,united-kingdom,United Kingdom
1954,ecurie-rosier,france,France 
1954,ed-stone,united-states-of-america,United States Of America
1954,ed-walsh,united-states-of-america,United States Of America
1954,emmanuel-de-graffenried,switzerland,Switzerland 
1954,emmett-malloy,united-states-of-america,United States Of America
1954,equipe-gordini,france,France 
1954,equipe-moss,united-kingdom,United Kingdom
1954,eugene-casaroll,united-states-of-america,United States Of America
1954,federal-auto-associates,united-states-of-america,United States Of America
1954,francis-bardazon,united-states-of-america,United States Of America
1954,georges-berger,belgium,Belgium 
1954,gilby-engineering,united-kingdom,United Kingdom
1954,giovanni-de-riu,italy,Italy 
1954,goulds-garage-bristol,united-kingdom,United Kingdom
1954,ha-chapman,united-states-of-america,United States Of America
1954,hans-klenk,germany,Germany 
1954,harry-dunn,united-states-of-america,United States Of America
1954,harry-schell,united-states-of-america,United States Of America
1954,hart-fullerton,united-states-of-america,United States Of America
1954,howard-keck,united-states-of-america,United States Of America
1954,hw-motors,united-kingdom,United Kingdom
1954,jack-hinkle,united-states-of-america,United States Of America
1954,jc-agajanian,united-states-of-america,United States Of America
1954,jim-robbins,united-states-of-america,United States Of America
1954,john-zink,united-states-of-america,United States Of America
1954,jorge-daponte,argentina,Argentina 
1954,lee-elkins,united-states-of-america,United States Of America
1954,leslie-marr,united-kingdom,United Kingdom
1954,lindsey-hopkins,united-states-of-america,United States Of America
1954,mel-wiggers,united-states-of-america,United States Of America
1954,miklos-sperling,united-states-of-america,United States Of America
1954,murrell-belanger,united-states-of-america,United States Of America
1954,officine-alfieri-maserati,italy,Italy 
1954,onofre-marimon,argentina,Argentina 
1954,owen-racing-organisation,united-kingdom,United Kingdom
1954,pat-clancy,united-states-of-america,United States Of America
1954,peter-schmidt,united-states-of-america,United States Of America
1954,peter-whitehead,united-kingdom,United Kingdom
1954,prince-bira,thailand,Thailand 
1954,ray-crawford,united-states-of-america,United States Of America
1954,ray-t-brady,united-states-of-america,United States Of America
1954,rj-chase,united-kingdom,United Kingdom
1954,roberto-mieres,argentina,Argentina 
1954,rrc-walker-racing-team,united-kingdom,United Kingdom
1954,sandy-belond,united-states-of-america,United States Of America
1954,scuderia-ambrosiana,italy,Italy 
1954,scuderia-ferrari,italy,Italy 
1954,scuderia-lancia,italy,Italy 
1954,shouse-motors,united-states-of-america,United States Of America
1954,sir-jeremy-boles,united-kingdom,United Kingdom
1954,vandervell-products,united-kingdom,United Kingdom
1954,verlin-brown,united-states-of-america,United States Of America
1954,w-thayer-martin,united-states-of-america,United States Of America
1954,william-ansted,united-states-of-america,United States Of America
1955,ae-dean,united-states-of-america,United States Of America
1955,alberto-uria,uruguay,Uruguay 
1955,bob-estes,united-states-of-america,United States Of America
1955,carl-l-anderson,united-states-of-america,United States Of America
1955,cars-inc,united-states-of-america,United States Of America
1955,chapman-s-root,united-states-of-america,United States Of America
1955,connaught-engineering,united-kingdom,United Kingdom
1955,cooper-car-company,united-kingdom,United Kingdom
1955,daimler-benz-ag,germany,Germany 
1955,dr-rn-sabourin,united-states-of-america,United States Of America
1955,ecurie-rosier,france,France 
1955,emmett-malloy,united-states-of-america,United States Of America
1955,en-whiteaway,united-kingdom,United Kingdom
1955,equipe-gordini,france,France 
1955,equipe-nationale-belge,belgium,Belgium 
1955,er-casale,united-states-of-america,United States Of America
1955,federal-auto-associates,united-states-of-america,United States Of America
1955,gilby-engineering,united-kingdom,United Kingdom
1955,goulds-garage-bristol,united-kingdom,United Kingdom
1955,ha-chapman,united-states-of-america,United States Of America
1955,harry-dunn,united-states-of-america,United States Of America
1955,jack-hinkle,united-states-of-america,United States Of America
1955,jc-agajanian,united-states-of-america,United States Of America
1955,jim-robbins,united-states-of-america,United States Of America
1955,john-l-mcdaniel,united-states-of-america,United States Of America
1955,john-zink,united-states-of-america,United States Of America
1955,joseph-massaglia-jr,united-states-of-america,United States Of America
1955,kalamazoo-sports-inc,united-states-of-america,United States Of America
1955,leslie-marr,united-kingdom,United Kingdom
1955,lindsey-hopkins,united-states-of-america,United States Of America
1955,m-pete-wales,united-states-of-america,United States Of America
1955,merz-engineering-inc,united-states-of-america,United States Of America
1955,murrell-belanger,united-states-of-america,United States Of America
1955,officine-alfieri-maserati,italy,Italy 
1955,owen-racing-organisation,united-kingdom,United Kingdom
1955,pat-clancy,united-states-of-america,United States Of America
1955,pete-salemi,united-states-of-america,United States Of America
1955,peter-schmidt,united-states-of-america,United States Of America
1955,racing-associates,united-states-of-america,United States Of America
1955,ray-crawford,united-states-of-america,United States Of America
1955,rotary-engineering-corp,united-states-of-america,United States Of America
1955,rrc-walker-racing-team,united-kingdom,United Kingdom
1955,samuel-w-traylor-iii,united-states-of-america,United States Of America
1955,scuderia-ferrari,italy,Italy 
1955,scuderia-lancia,italy,Italy 
1955,scuderia-volpini,italy,Italy 
1955,south-california-muffler-co,united-states-of-america,United States Of America
1955,stirling-moss-ltd,united-kingdom,United Kingdom
1955,tw-wt-martin,united-states-of-america,United States Of America
1955,vandervell-products,united-kingdom,United Kingdom
1956,alberto-uria,uruguay,Uruguay 
1956,andre-simon,france,France 
1956,ansted-rotary-corp,united-states-of-america,United States Of America
1956,automobiles-bugatti,france,France 
1956,bob-estes,united-states-of-america,United States Of America
1956,bob-gerard,united-kingdom,United Kingdom
1956,bruce-halford,united-kingdom,United Kingdom
1956,carl-l-anderson,united-states-of-america,United States Of America
1956,cars-inc,united-states-of-america,United States Of America
1956,chapman-s-root,united-states-of-america,United States Of America
1956,connaught-engineering,united-kingdom,United Kingdom
1956,dean-van-lines,united-states-of-america,United States Of America
1956,dunn-engineering,united-states-of-america,United States Of America
1956,ecurie-rosier,france,France 
1956,ed-walsh,united-states-of-america,United States Of America
1956,emeryson-cars,united-kingdom,United Kingdom
1956,equipe-gordini,france,France 
1956,er-casale,united-states-of-america,United States Of America
1956,ernest-l-ruiz,united-states-of-america,United States Of America
1956,federal-auto-associates,united-states-of-america,United States Of America
1956,fred-somers,united-states-of-america,United States Of America
1956,george-bignotti,united-states-of-america,United States Of America
1956,gilby-engineering,united-kingdom,United Kingdom
1956,giorgio-scarlatti,italy,Italy 
1956,goulds-garage-bristol,united-kingdom,United Kingdom
1956,ha-chapman,united-states-of-america,United States Of America
1956,harry-dunn,united-states-of-america,United States Of America
1956,hh-johnson,united-states-of-america,United States Of America
1956,jack-brabham,australia,Australia 
1956,jc-agajanian,united-states-of-america,United States Of America
1956,jim-robbins,united-states-of-america,United States Of America
1956,john-zink,united-states-of-america,United States Of America
1956,joseph-massaglia-jr,united-states-of-america,United States Of America
1956,kalamazoo-sports-inc,united-states-of-america,United States Of America
1956,lindsey-hopkins,united-states-of-america,United States Of America
1956,luigi-piotti,italy,Italy 
1956,murrell-belanger,united-states-of-america,United States Of America
1956,novi-racing-corp,united-states-of-america,United States Of America
1956,officine-alfieri-maserati,italy,Italy 
1956,ottorino-volonterio,switzerland,Switzerland 
1956,owen-racing-organisation,united-kingdom,United Kingdom
1956,pat-clancy,united-states-of-america,United States Of America
1956,pete-salemi,united-states-of-america,United States Of America
1956,peter-schmidt,united-states-of-america,United States Of America
1956,piero-scotti,italy,Italy 
1956,racing-associates,united-states-of-america,United States Of America
1956,ray-crawford,united-states-of-america,United States Of America
1956,samuel-w-traylor-iii,united-states-of-america,United States Of America
1956,scuderia-centro-sud,italy,Italy 
1956,scuderia-ferrari,italy,Italy 
1956,scuderia-guastalla,italy,Italy 
1956,shannon-bros,united-states-of-america,United States Of America
1956,vandervell-products,united-kingdom,United Kingdom
1957,ae-dean,united-states-of-america,United States Of America
1957,ansted-rotary-corp,united-states-of-america,United States Of America
1957,bob-estes,united-states-of-america,United States Of America
1957,bob-gerard,united-kingdom,United Kingdom
1957,bruce-halford,united-kingdom,United Kingdom
1957,cars-inc,united-states-of-america,United States Of America
1957,chapman-s-root,united-states-of-america,United States Of America
1957,connaught-engineering,united-kingdom,United Kingdom
1957,cooper-car-company,united-kingdom,United Kingdom
1957,dick-gibson,united-kingdom,United Kingdom
1957,dr-ing-f-porsche-kg,germany,Germany 
1957,ecurie-maarsbergen,netherlands,Netherlands 
1957,ernest-l-ruiz,united-states-of-america,United States Of America
1957,francesco-godia-sales,spain,Spain 
1957,fred-richard-sommer,united-states-of-america,United States Of America
1957,fred-sclavi,united-states-of-america,United States Of America
1957,george-bignotti,united-states-of-america,United States Of America
1957,george-salih,united-states-of-america,United States Of America
1957,george-walther-jr,united-states-of-america,United States Of America
1957,gilby-engineering,united-kingdom,United Kingdom
1957,ha-chapman,united-states-of-america,United States Of America
1957,harry-dunn,united-states-of-america,United States Of America
1957,hh-gould,united-kingdom,United Kingdom
1957,hh-johnson,united-states-of-america,United States Of America
1957,jb-naylor,united-kingdom,United Kingdom
1957,jo-bonnier,sweden,Sweden 
1957,john-zink,united-states-of-america,United States Of America
1957,joseph-massaglia-jr,united-states-of-america,United States Of America
1957,js-donaldson,united-states-of-america,United States Of America
1957,kalamazoo-sports-inc,united-states-of-america,United States Of America
1957,lindsey-hopkins,united-states-of-america,United States Of America
1957,luigi-piotti,italy,Italy 
1957,lysle-greenman,united-states-of-america,United States Of America
1957,novi-racing-corp,united-states-of-america,United States Of America
1957,officine-alfieri-maserati,italy,Italy 
1957,ottorino-volonterio,switzerland,Switzerland 
1957,owen-racing-organisation,united-kingdom,United Kingdom
1957,pat-clancy,united-states-of-america,United States Of America
1957,pete-salemi,united-states-of-america,United States Of America
1957,peter-schmidt,united-states-of-america,United States Of America
1957,racing-associates,united-states-of-america,United States Of America
1957,ridgeway-management,united-kingdom,United Kingdom
1957,roger-wolcott,united-states-of-america,United States Of America
1957,roy-mckay,united-states-of-america,United States Of America
1957,rrc-walker-racing-team,united-kingdom,United Kingdom
1957,scuderia-centro-sud,italy,Italy 
1957,scuderia-ferrari,italy,Italy 
1957,vandervell-products,united-kingdom,United Kingdom
1958,andre-guelfi,france,France 
1958,andre-testut,monaco,Monaco 
1958,bernie-c-ecclestone,united-kingdom,United Kingdom
1958,bob-estes,united-states-of-america,United States Of America
1958,bob-sorenson,united-states-of-america,United States Of America
1958,british-racing-partnership,united-kingdom,United Kingdom
1958,cars-inc,united-states-of-america,United States Of America
1958,chapman-s-root,united-states-of-america,United States Of America
1958,cooper-car-company,united-kingdom,United Kingdom
1958,dean-van-lines,united-states-of-america,United States Of America
1958,dick-gibson,united-kingdom,United Kingdom
1958,dr-ing-f-porsche-kg,germany,Germany 
1958,ecurie-demi-litre,united-kingdom,United Kingdom
1958,ecurie-eperon-dor,belgium,Belgium 
1958,ecurie-maarsbergen,netherlands,Netherlands 
1958,ellen-mckinney-zink,united-states-of-america,United States Of America
1958,federal-auto-associates,united-states-of-america,United States Of America
1958,francesco-godia-sales,spain,Spain 
1958,fred-gerhardt,united-states-of-america,United States Of America
1958,george-salih,united-states-of-america,United States Of America
1958,george-walther-jr,united-states-of-america,United States Of America
1958,giorgio-scarlatti,italy,Italy 
1958,ha-chapman,united-states-of-america,United States Of America
1958,harry-dunn,united-states-of-america,United States Of America
1958,henry-yunik,united-states-of-america,United States Of America
1958,hh-gould,united-kingdom,United Kingdom
1958,hh-johnson,united-states-of-america,United States Of America
1958,high-efficiency-motors,united-kingdom,United Kingdom
1958,jb-naylor,united-kingdom,United Kingdom
1958,jim-robbins,united-states-of-america,United States Of America
1958,jo-bonnier,sweden,Sweden 
1958,john-zink,united-states-of-america,United States Of America
1958,joseph-massaglia-jr,united-states-of-america,United States Of America
1958,js-donaldson,united-states-of-america,United States Of America
1958,juan-manuel-fangio,argentina,Argentina 
1958,kalamazoo-sports-inc,united-states-of-america,United States Of America
1958,ken-kavanagh,australia,Australia 
1958,lindsey-hopkins,united-states-of-america,United States Of America
1958,lysle-greenman,united-states-of-america,United States Of America
1958,maria-teresa-de-filippis,italy,Italy 
1958,norman-c-demler,united-states-of-america,United States Of America
1958,novi-racing-corp,united-states-of-america,United States Of America
1958,osca-automobili,italy,Italy 
1958,owen-racing-organisation,united-kingdom,United Kingdom
1958,pat-clancy,united-states-of-america,United States Of America
1958,peter-schmidt,united-states-of-america,United States Of America
1958,racing-associates,united-states-of-america,United States Of America
1958,robert-la-caze,morocco,Morocco 
1958,robert-m-bowes-ii,united-states-of-america,United States Of America
1958,roger-wolcott,united-states-of-america,United States Of America
1958,roy-mckay,united-states-of-america,United States Of America
1958,rrc-walker-racing-team,united-kingdom,United Kingdom
1958,scuderia-centro-sud,italy,Italy 
1958,scuderia-ferrari,italy,Italy 
1958,scuderia-sud-americana,argentina,Argentina 
1958,team-lotus,united-kingdom,United Kingdom
1958,temple-buell,united-states-of-america,United States Of America
1958,tony-marsh,united-kingdom,United Kingdom
1958,vandervell-products,united-kingdom,United Kingdom
1959,ace-garage-rotherham,united-kingdom,United Kingdom
1959,ae-dean,united-states-of-america,United States Of America
1959,alan-brown-equipe,united-kingdom,United Kingdom
1959,bignotti-bowes-racing,united-states-of-america,United States Of America
1959,blanchard-automobile-co,united-states-of-america,United States Of America
1959,bob-estes,united-states-of-america,United States Of America
1959,british-racing-partnership,united-kingdom,United Kingdom
1959,camoradi-usa,united-states-of-america,United States Of America
1959,chapman-s-root,united-states-of-america,United States Of America
1959,connaught-cars-paul-emery,united-kingdom,United Kingdom
1959,cooper-car-company,united-kingdom,United Kingdom
1959,david-brown-corporation,united-kingdom,United Kingdom
1959,david-fry,united-kingdom,United Kingdom
1959,dennis-taylor,united-kingdom,United Kingdom
1959,dorchester-service-station,united-kingdom,United Kingdom
1959,dr-ing-f-porsche-kg,germany,Germany 
1959,ecurie-bleue,france,France 
1959,ecurie-maarsbergen,netherlands,Netherlands 
1959,equipe-nationale-belge,belgium,Belgium 
1959,ernest-l-ruiz,united-states-of-america,United States Of America
1959,federal-auto-associates,united-states-of-america,United States Of America
1959,fred-gerhardt,united-states-of-america,United States Of America
1959,george-salih,united-states-of-america,United States Of America
1959,george-walther-jr,united-states-of-america,United States Of America
1959,gilby-engineering,united-kingdom,United Kingdom
1959,harry-dunn,united-states-of-america,United States Of America
1959,hh-johnson,united-states-of-america,United States Of America
1959,high-efficiency-motors,united-kingdom,United Kingdom
1959,jb-naylor,united-kingdom,United Kingdom
1959,jean-behra,france,France 
1959,jean-lucienbonnet,france,France 
1959,jim-robbins,united-states-of-america,United States Of America
1959,john-fisher,united-kingdom,United Kingdom
1959,john-r-wills,united-states-of-america,United States Of America
1959,john-zink,united-states-of-america,United States Of America
1959,js-donaldson,united-states-of-america,United States Of America
1959,kalamazoo-sports-inc,united-states-of-america,United States Of America
1959,karl-hall,united-states-of-america,United States Of America
1959,leader-cards-inc,united-states-of-america,United States Of America
1959,leroy-e-foutch-jr,united-states-of-america,United States Of America
1959,lindsey-hopkins,united-states-of-america,United States Of America
1959,lysle-greenman,united-states-of-america,United States Of America
1959,monte-carlo-auto-sport,monaco,Monaco 
1959,norman-c-demler,united-states-of-america,United States Of America
1959,osca-automobili,italy,Italy 
1959,ottorino-volonterio,switzerland,Switzerland 
1959,owen-racing-organisation,united-kingdom,United Kingdom
1959,peter-schmidt,united-states-of-america,United States Of America
1959,phil-cade,united-states-of-america,United States Of America
1959,racing-associates,united-states-of-america,United States Of America
1959,ray-crawford,united-states-of-america,United States Of America
1959,ray-t-brady,united-states-of-america,United States Of America
1959,rhh-parnell,united-kingdom,United Kingdom
1959,roy-mckay,united-states-of-america,United States Of America
1959,rrc-walker-racing-team,united-kingdom,United Kingdom
1959,rt-marley-sr,united-states-of-america,United States Of America
1959,scuderia-centro-sud,italy,Italy 
1959,scuderia-ferrari,italy,Italy 
1959,scuderia-ugolini,italy,Italy 
1959,taylor-crawley-racing-team,united-kingdom,United Kingdom
1959,team-lotus,united-kingdom,United Kingdom
1959,united-racing-stable,united-kingdom,United Kingdom
1959,vandervell-products,united-kingdom,United Kingdom
1959,wolcott-memorial-racing-team,united-states-of-america,United States Of America
1959,yunick-glover-lathrop,united-states-of-america,United States Of America
1960,ansted-rotary-corp,united-states-of-america,United States Of America
1960,antonio-creus,spain,Spain 
1960,arthur-owen,united-kingdom,United Kingdom
1960,bignotti-bowes-racing,united-states-of-america,United States Of America
1960,bob-estes,united-states-of-america,United States Of America
1960,co-prather,united-states-of-america,United States Of America
1960,ct-atkins,united-kingdom,United Kingdom
1960,camoradi-international,united-states-of-america,United States Of America
1960,chapman-s-root,united-states-of-america,United States Of America
1960,cooper-car-company,united-kingdom,United Kingdom
1960,david-brown-corporation,united-kingdom,United Kingdom
1960,dean-van-lines,united-states-of-america,United States Of America
1960,ecurie-bleue,france,France 
1960,ecurie-maarsbergen,netherlands,Netherlands 
1960,equipe-nationale-belge,belgium,Belgium 
1960,equipe-prideaux-dick-gibson,united-kingdom,United Kingdom
1960,ernest-l-ruiz,united-states-of-america,United States Of America
1960,ettore-chimeri,venezuela,Venezuela 
1960,federal-auto-associates,united-states-of-america,United States Of America
1960,fred-armbruster,united-states-of-america,United States Of America
1960,fred-tuck-cars,united-kingdom,United Kingdom
1960,george-salih,united-states-of-america,United States Of America
1960,gilby-engineering,united-kingdom,United Kingdom
1960,gino-munaron,italy,Italy 
1960,giorgio-scarlatti,italy,Italy 
1960,hh-gould,united-kingdom,United Kingdom
1960,high-efficiency-motors,united-kingdom,United Kingdom
1960,hoover-motor-express-inc,united-states-of-america,United States Of America
1960,j-ensley-s-murphy,united-states-of-america,United States Of America
1960,jb-naylor,united-kingdom,United Kingdom
1960,jc-agajanian,united-states-of-america,United States Of America
1960,jim-hall,united-states-of-america,United States Of America
1960,jim-robbins,united-states-of-america,United States Of America
1960,joe-hunt,united-states-of-america,United States Of America
1960,joe-lubin,united-states-of-america,United States Of America
1960,john-zink,united-states-of-america,United States Of America
1960,js-donaldson,united-states-of-america,United States Of America
1960,ken-paul-inc,united-states-of-america,United States Of America
1960,leader-cards-inc,united-states-of-america,United States Of America
1960,leonard-a-faas,united-states-of-america,United States Of America
1960,lindsey-hopkins,united-states-of-america,United States Of America
1960,nasif-estefano,argentina,Argentina 
1960,norman-c-demler,united-states-of-america,United States Of America
1960,norman-hall,united-states-of-america,United States Of America
1960,owen-racing-organisation,united-kingdom,United Kingdom
1960,peter-salemi-nick-rini,united-states-of-america,United States Of America
1960,peter-schmidt,united-states-of-america,United States Of America
1960,dr-ing-f-porsche-kg,germany,Germany 
1960,racing-associates,united-states-of-america,United States Of America
1960,reventlow-automobiles-inc,united-states-of-america,United States Of America
1960,robert-bodle-ltd,united-kingdom,United Kingdom
1960,roy-mckay,united-states-of-america,United States Of America
1960,rrc-walker-racing-team,united-kingdom,United Kingdom
1960,scuderia-centro-sud,italy,Italy 
1960,scuderia-colonia,germany,Germany 
1960,scuderia-eugenio-castellotti,italy,Italy 
1960,scuderia-ferrari,italy,Italy 
1960,taylor-crawley-racing-team,united-kingdom,United Kingdom
1960,team-lotus,united-kingdom,United Kingdom
1960,vandervell-products,united-kingdom,United Kingdom
1960,william-p-forbes,united-states-of-america,United States Of America
1960,wolfgang-seidel,germany,Germany 
1960,yeoman-credit-racing-team,united-kingdom,United Kingdom
1961,bernard-collomb,france,France 
1961,camoradi-international,united-states-of-america,United States Of America
1961,cooper-car-company,united-kingdom,United Kingdom
1961,ecurie-maarsbergen,netherlands,Netherlands 
1961,equipe-nationale-belge,belgium,Belgium 
1961,fisa,italy,Italy 
1961,fred-tuck-cars,united-kingdom,United Kingdom
1961,gaetano-starrabba,italy,Italy 
1961,gerry-ashmore,united-kingdom,United Kingdom
1961,gilby-engineering,united-kingdom,United Kingdom
1961,hap-sharp,united-states-of-america,United States Of America
1961,hl-motors,united-kingdom,United Kingdom
1961,isobele-de-tomaso,italy,Italy 
1961,j-frank-harrison,united-states-of-america,United States Of America
1961,j-wheeler-autosport,canada,Canada 
1961,jb-naylor,united-kingdom,United Kingdom
1961,jim-hall,united-states-of-america,United States Of America
1961,john-m-wyatt-iii,united-states-of-america,United States Of America
1961,louise-bryden-brown,united-states-of-america,United States Of America
1961,momo-corporation,united-states-of-america,United States Of America
1961,owen-racing-organisation,united-kingdom,United Kingdom
1961,pescara-racing-team,italy,Italy 
1961,porsche-system-engineering,germany,Germany 
1961,rrc-walker-racing-team,united-kingdom,United Kingdom
1961,scuderia-centro-sud,italy,Italy 
1961,scuderia-colonia,germany,Germany 
1961,scuderia-ferrari-spa-sefac,italy,Italy 
1961,scuderia-santambroeus,italy,Italy 
1961,scuderia-serenissima,italy,Italy 
1961,scuderia-settecolli,italy,Italy 
1961,team-lotus,united-kingdom,United Kingdom
1961,tim-parnell,united-kingdom,United Kingdom
1961,tony-marsh,united-kingdom,United Kingdom
1961,udt-laystall-racing-team,united-kingdom,United Kingdom
1961,yeoman-credit-racing-team,united-kingdom,United Kingdom
1962,anglo-american-equipe,united-kingdom,United Kingdom
1962,autosport-team-wolfgang-seidel,germany,Germany 
1962,bernard-collomb,france,France 
1962,bowmaker-yeoman-racing-team,united-kingdom,United Kingdom
1962,brabham-racing-organisation,united-kingdom,United Kingdom
1962,cooper-car-company,united-kingdom,United Kingdom
1962,dupont-team-zerex,united-states-of-america,United States Of America
1962,ecurie-excelsior,united-states-of-america,United States Of America
1962,ecurie-filipinetti,switzerland,Switzerland 
1962,ecurie-galloise,united-kingdom,United Kingdom
1962,ecurie-maarsbergen,netherlands,Netherlands 
1962,ecurie-nationale-suisse,switzerland,Switzerland 
1962,emeryson-cars,united-kingdom,United Kingdom
1962,equipe-nationale-belge,belgium,Belgium 
1962,ernie-pieterse,south-africa,South Africa
1962,gerry-ashmore,united-kingdom,United Kingdom
1962,gilby-engineering,united-kingdom,United Kingdom
1962,hap-sharp,united-states-of-america,United States Of America
1962,jim-hall,united-states-of-america,United States Of America
1962,john-dalton,united-kingdom,United Kingdom
1962,john-love,zimbabwe,Zimbabwe 
1962,john-mecom,united-states-of-america,United States Of America
1962,mike-harris,zimbabwe,Zimbabwe 
1962,neville-lederle,south-africa,South Africa
1962,otelle-nucci,south-africa,South Africa
1962,owen-racing-organisation,united-kingdom,United Kingdom
1962,porsche-system-engineering,germany,Germany 
1962,rrc-walker-racing-team,united-kingdom,United Kingdom
1962,scuderia-de-tomaso,italy,Italy 
1962,scuderia-ferrari-spa-sefac,italy,Italy 
1962,scuderia-jolly-club,italy,Italy 
1962,scuderia-settecolli,italy,Italy 
1962,scuderia-sss-republica-di-venezia,italy,Italy 
1962,team-lotus,united-kingdom,United Kingdom
1962,udt-laystall-racing-team,united-kingdom,United Kingdom
1963,andre-pilette,belgium,Belgium 
1963,automobili-turismo-e-sport,italy,Italy 
1963,bernard-collomb,france,France 
1963,brabham-racing-organisation,united-kingdom,United Kingdom
1963,british-racing-partnership,united-kingdom,United Kingdom
1963,canadian-stebro-racing,canada,Canada 
1963,cooper-car-company,united-kingdom,United Kingdom
1963,david-prophet,united-kingdom,United Kingdom
1963,dw-racing-enterprises,united-kingdom,United Kingdom
1963,ecurie-filipinetti,switzerland,Switzerland 
1963,ecurie-maarsbergen,netherlands,Netherlands 
1963,frank-dochnal,united-states-of-america,United States Of America
1963,ian-raby-racing,united-kingdom,United Kingdom
1963,john-love,zimbabwe,Zimbabwe 
1963,kurt-kuhnke,germany,Germany 
1963,lawson-organisation,south-africa,South Africa
1963,otelle-nucci,south-africa,South Africa
1963,owen-racing-organisation,united-kingdom,United Kingdom
1963,reg-parnell-racing,united-kingdom,United Kingdom
1963,rrc-walker-racing-team,united-kingdom,United Kingdom
1963,sam-tingle,zimbabwe,Zimbabwe 
1963,scirocco-powell-racing-cars,united-kingdom,United Kingdom
1963,scuderia-centro-sud,italy,Italy 
1963,scuderia-ferrari-spa-sefac,italy,Italy 
1963,scuderia-lupini,south-africa,South Africa
1963,scuderia-settecolli,italy,Italy 
1963,selby-auto-spares,south-africa,South Africa
1963,siffert-racing-team,switzerland,Switzerland 
1963,team-lotus,united-kingdom,United Kingdom
1963,ted-lanfear,south-africa,South Africa
1963,tim-parnell,united-kingdom,United Kingdom
1964,bernard-collomb,france,France 
1964,bob-gerard-racing,united-kingdom,United Kingdom
1964,brabham-racing-organisation,united-kingdom,United Kingdom
1964,british-racing-partnership,united-kingdom,United Kingdom
1964,cooper-car-company,united-kingdom,United Kingdom
1964,derrington-francis-racing-team,united-kingdom,United Kingdom
1964,dw-racing-enterprises,united-kingdom,United Kingdom
1964,ecurie-maarsbergen,netherlands,Netherlands 
1964,equipe-scirocco-belge,belgium,Belgium 
1964,fabre-urbain,switzerland,Switzerland 
1964,honda-rd-company,japan,Japan 
1964,ian-raby-racing,united-kingdom,United Kingdom
1964,john-willment-automobiles,united-kingdom,United Kingdom
1964,maurice-trintignant,france,France 
1964,owen-racing-organisation,united-kingdom,United Kingdom
1964,north-american-racing-team,united-states-of-america,United States Of America
1964,reg-parnell-racing,united-kingdom,United Kingdom
1964,revson-racing,united-states-of-america,United States Of America
1964,rrc-walker-racing-team,united-kingdom,United Kingdom
1964,scuderia-centro-sud,italy,Italy 
1964,scuderia-ferrari-spa-sefac,italy,Italy 
1964,siffert-racing-team,switzerland,Switzerland 
1964,team-lotus,united-kingdom,United Kingdom
1965,bob-gerard-racing,united-kingdom,United Kingdom
1965,brabham-racing-organisation,united-kingdom,United Kingdom
1965,brian-gubby,united-kingdom,United Kingdom
1965,clive-puzey-motors,zimbabwe,Zimbabwe 
1965,cooper-car-company,united-kingdom,United Kingdom
1965,david-prophet,united-kingdom,United Kingdom
1965,dw-racing-enterprises,united-kingdom,United Kingdom
1965,ecurie-tomahawk,south-africa,South Africa
1965,honda-rd-company,japan,Japan 
1965,ian-raby-racing,united-kingdom,United Kingdom
1965,jackie-pretorius,south-africa,South Africa
1965,john-love,zimbabwe,Zimbabwe 
1965,john-willment-automobiles,united-kingdom,United Kingdom
1965,lawson-organisation,south-africa,South Africa
1965,north-american-racing-team,united-states-of-america,United States Of America
1965,otelle-nucci,south-africa,South Africa
1965,owen-racing-organisation,united-kingdom,United Kingdom
1965,reg-parnell-racing,united-kingdom,United Kingdom
1965,rrc-walker-racing-team,united-kingdom,United Kingdom
1965,sam-tingle,zimbabwe,Zimbabwe 
1965,scuderia-centro-sud,italy,Italy 
1965,scuderia-ferrari-spa-sefac,italy,Italy 
1965,scuderia-scribante,south-africa,South Africa
1965,team-lotus,united-kingdom,United Kingdom
1965,ted-lanfear,south-africa,South Africa
1965,trevor-blokdyk,south-africa,South Africa
1966,anglo-american-racers,united-states-of-america,United States Of America
1966,anglo-suisse-racing-team,switzerland,Switzerland 
1966,bernard-white-racing,united-kingdom,United Kingdom
1966,brabham-racing-organisation,united-kingdom,United Kingdom
1966,bruce-mclaren-motor-racing,united-kingdom,United Kingdom
1966,caltex-racing-team,germany,Germany 
1966,chris-amon-racing,new-zealand,New Zealand
1966,cooper-car-company,united-kingdom,United Kingdom
1966,david-bridges,united-kingdom,United Kingdom
1966,dw-racing-enterprises,united-kingdom,United Kingdom
1966,guy-ligier,france,France 
1966,honda-rd-company,japan,Japan 
1966,ja-pearce-engineering-ltd,united-kingdom,United Kingdom
1966,matra-sports,france,France 
1966,owen-racing-organisation,united-kingdom,United Kingdom
1966,phil-hill,united-states-of-america,United States Of America
1966,reg-parnell-racing,united-kingdom,United Kingdom
1966,roy-winkelmann-racing,united-kingdom,United Kingdom
1966,rrc-walker-racing-team,united-kingdom,United Kingdom
1966,scuderia-ferrari-spa-sefac,italy,Italy 
1966,shannon-racing-cars,united-kingdom,United Kingdom
1966,silvio-moser,switzerland,Switzerland 
1966,team-chamaco-collect,united-kingdom,United Kingdom
1966,team-lotus,united-kingdom,United Kingdom
1966,tyrrell-racing-organisation,united-kingdom,United Kingdom
1967,anglo-american-racers,united-states-of-america,United States Of America
1967,bayerische-motoren-werke-ag,germany,Germany 
1967,bernard-white-racing,united-kingdom,United Kingdom
1967,brabham-racing-organisation,united-kingdom,United Kingdom
1967,bruce-mclaren-motor-racing,united-kingdom,United Kingdom
1967,castrol-oils-ltd,canada,Canada 
1967,charles-vogele-racing,switzerland,Switzerland 
1967,cooper-car-company,united-kingdom,United Kingdom
1967,david-bridges,united-kingdom,United Kingdom
1967,dw-racing-enterprises,united-kingdom,United Kingdom
1967,ecurie-ford-france,france,France 
1967,gerhard-mitter,germany,Germany 
1967,guy-ligier,france,France 
1967,honda-racing,japan,Japan 
1967,joakim-bonnier-racing-team,switzerland,Switzerland 
1967,john-love,zimbabwe,Zimbabwe 
1967,lola-cars,united-kingdom,United Kingdom
1967,luki-botha,south-africa,South Africa
1967,matra-sports,france,France 
1967,mike-fisher,united-states-of-america,United States Of America
1967,owen-racing-organisation,united-kingdom,United Kingdom
1967,reg-parnell-racing,united-kingdom,United Kingdom
1967,rob-walker-jack-durlacher-racing-team,united-kingdom,United Kingdom
1967,ron-harris-racing-team,united-kingdom,United Kingdom
1967,roy-winkelmann-racing,united-kingdom,United Kingdom
1967,sam-tingle,zimbabwe,Zimbabwe 
1967,scuderia-ferrari-spa-sefac,italy,Italy 
1967,scuderia-scribante,south-africa,South Africa
1967,team-lotus,united-kingdom,United Kingdom
1967,tom-jones,united-states-of-america,United States Of America
1967,tyrrell-racing-organisation,united-kingdom,United Kingdom
1968,anglo-american-racers,united-states-of-america,United States Of America
1968,bayerische-motoren-werke-ag,germany,Germany 
1968,bernard-white-racing,united-kingdom,United Kingdom
1968,brabham-racing-organisation,united-kingdom,United Kingdom
1968,bruce-mclaren-motor-racing,united-kingdom,United Kingdom
1968,caltex-racing-team,germany,Germany 
1968,castrol-oils-ltd,canada,Canada 
1968,charles-vogele-racing,switzerland,Switzerland 
1968,cooper-car-company,united-kingdom,United Kingdom
1968,honda-racing,japan,Japan 
1968,joakim-bonnier-racing-team,switzerland,Switzerland 
1968,john-love,zimbabwe,Zimbabwe 
1968,matra-international,united-kingdom,United Kingdom
1968,matra-sports,france,France 
1968,owen-racing-organisation,united-kingdom,United Kingdom
1968,reg-parnell-racing,united-kingdom,United Kingdom
1968,rob-walker-jack-durlacher-racing-team,united-kingdom,United Kingdom
1968,scuderia-ferrari-spa-sefac,italy,Italy 
1968,scuderia-scribante,south-africa,South Africa
1968,team-gunston,zimbabwe,Zimbabwe 
1968,team-lotus,united-kingdom,United Kingdom
1968,team-pretoria,south-africa,South Africa
1969,ahrens-racing-team,germany,Germany 
1969,antique-automobiles,united-kingdom,United Kingdom
1969,bayerische-motoren-werke-ag,germany,Germany 
1969,bruce-mclaren-motor-racing,united-kingdom,United Kingdom
1969,ecurie-bonnier,switzerland,Switzerland 
1969,felday-engineering-ltd,united-kingdom,United Kingdom
1969,frank-williams-racing-cars,united-kingdom,United Kingdom
1969,gold-leaf-team-lotus,united-kingdom,United Kingdom
1969,jack-holme,south-africa,South Africa
1969,john-maryon,canada,Canada 
1969,matra-international,united-kingdom,United Kingdom
1969,matra-sports,france,France 
1969,motor-racing-developments,united-kingdom,United Kingdom
1969,north-american-racing-team,united-states-of-america,United States Of America
1969,owen-racing-organisation,united-kingdom,United Kingdom
1969,paul-seitz,canada,Canada 
1969,pete-lovely-volkswagen-inc,united-states-of-america,United States Of America
1969,reg-parnell-racing,united-kingdom,United Kingdom
1969,rob-walker-jack-durlacher-racing-team,united-kingdom,United Kingdom
1969,roy-winkelmann-racing,united-kingdom,United Kingdom
1969,scuderia-ferrari-spa-sefac,italy,Italy 
1969,silvio-moser,switzerland,Switzerland 
1969,squadra-tartaruga,switzerland,Switzerland 
1969,team-gunston,zimbabwe,Zimbabwe 
1969,team-lawson,south-africa,South Africa
1969,tecno-racing-team,italy,Italy 
1970,antique-automobiles-racing-team,united-kingdom,United Kingdom
1970,auto-motor-und-sport,united-kingdom,United Kingdom
1970,brooke-bond-oxo-racing-with-rob-walker,united-kingdom,United Kingdom
1970,bruce-mclaren-motor-racing,united-kingdom,United Kingdom
1970,ecurie-bonnier,switzerland,Switzerland 
1970,equipe-matra-elf,france,France 
1970,frank-williams-racing-cars,united-kingdom,United Kingdom
1970,garvey-team-lotus,united-kingdom,United Kingdom
1970,gold-leaf-team-lotus,united-kingdom,United Kingdom
1970,gus-hutchison,united-states-of-america,United States Of America
1970,hubert-hahne,germany,Germany 
1970,march-engineering,united-kingdom,United Kingdom
1970,motor-racing-developments,united-kingdom,United Kingdom
1970,pete-lovely-volkswagen-inc,united-states-of-america,United States Of America
1970,scuderia-ferrari-spa-sefac,italy,Italy 
1970,scuderia-scribante,south-africa,South Africa
1970,silvio-moser,switzerland,Switzerland 
1970,stp-corporation,united-states-of-america,United States Of America
1970,team-gunston,zimbabwe,Zimbabwe 
1970,team-surtees,united-kingdom,United Kingdom
1970,tom-wheatcroft-racing,united-kingdom,United Kingdom
1970,tyrrell-racing-organisation,united-kingdom,United Kingdom
1970,world-wide-racing,united-kingdom,United Kingdom
1970,yardley-team-brm,united-kingdom,United Kingdom
1971,auto-motor-und-sport-team-surtees,united-kingdom,United Kingdom
1971,brooke-bond-oxo-team-surtees,united-kingdom,United Kingdom
1971,bruce-mclaren-motor-racing,united-kingdom,United Kingdom
1971,clarke-mordaunt-guthrie-racing,united-kingdom,United Kingdom
1971,ecurie-bonnier,sweden,Sweden 
1971,ecurie-evergreen,united-kingdom,United Kingdom
1971,elf-team-tyrrell,united-kingdom,United Kingdom
1971,equipe-matra-sports,france,France 
1971,frank-williams-racing-cars,united-kingdom,United Kingdom
1971,gene-mason-racing,united-states-of-america,United States Of America
1971,gold-leaf-team-lotus,united-kingdom,United Kingdom
1971,jo-siffert-automobiles,switzerland,Switzerland 
1971,jolly-club-of-switzerland,switzerland,Switzerland 
1971,motor-racing-developments,united-kingdom,United Kingdom
1971,penske-white-racing,united-states-of-america,United States Of America
1971,pete-lovely-volkswagen-inc,united-states-of-america,United States Of America
1971,scuderia-ferrari-spa-sefac,italy,Italy 
1971,scuderia-scribante,south-africa,South Africa
1971,shell-arnold-team,france,France 
1971,stichting-autoraces-nederland,netherlands,Netherlands 
1971,stp-march-racing-team,united-kingdom,United Kingdom
1971,team-gunston,zimbabwe,Zimbabwe 
1971,team-surtees,united-kingdom,United Kingdom
1971,world-wide-racing,united-kingdom,United Kingdom
1971,yardley-team-brm,united-kingdom,United Kingdom
1972,brooke-bond-oxo-team-surtees,united-kingdom,United Kingdom
1972,ceramica-pagnossin-team-surtees,united-kingdom,United Kingdom
1972,champcarr-inc,united-states-of-america,United States Of America
1972,clarke-mordaunt-guthrie-racing,united-kingdom,United Kingdom
1972,darnval-connew-racing-team,united-kingdom,United Kingdom
1972,elf-team-tyrrell,united-kingdom,United Kingdom
1972,equipe-matra-sports,france,France 
1972,flame-out-team-surtees,united-kingdom,United Kingdom
1972,gene-mason-racing,united-states-of-america,United States Of America
1972,john-player-team-lotus,united-kingdom,United Kingdom
1972,lucky-strike-racing,south-africa,South Africa
1972,marlboro-brm,united-kingdom,United Kingdom
1972,martini-racing,italy,Italy 
1972,motor-racing-developments,united-kingdom,United Kingdom
1972,scuderia-ferrari-spa-sefac,italy,Italy 
1972,stp-march-racing-team,united-kingdom,United Kingdom
1972,team-eifelland-caravans,germany,Germany 
1972,team-gunston,zimbabwe,Zimbabwe 
1972,team-surtees,united-kingdom,United Kingdom
1972,team-williams-motul,united-kingdom,United Kingdom
1972,yardley-team-mclaren,united-kingdom,United Kingdom
1973,blignaut-lucky-strike-racing,south-africa,South Africa
1973,brooke-bond-oxo-team-surtees,united-kingdom,United Kingdom
1973,ceramica-pagnossin-mrd,united-kingdom,United Kingdom
1973,ceramica-pagnossin-team-surtees,united-kingdom,United Kingdom
1973,clarke-mordaunt-guthrie-racing,united-kingdom,United Kingdom
1973,elf-team-tyrrell,united-kingdom,United Kingdom
1973,embassy-racing,united-kingdom,United Kingdom
1973,frank-williams-racing-cars,united-kingdom,United Kingdom
1973,hesketh-racing,united-kingdom,United Kingdom
1973,hexagon-of-highgate,united-kingdom,United Kingdom
1973,john-player-team-lotus,united-kingdom,United Kingdom
1973,lec-refrigeration-racing,united-kingdom,United Kingdom
1973,march-racing-team,united-kingdom,United Kingdom
1973,marlboro-brm,united-kingdom,United Kingdom
1973,martini-racing-team,italy,Italy 
1973,motor-racing-developments,united-kingdom,United Kingdom
1973,scribante-lucky-strike-racing,south-africa,South Africa
1973,scuderia-ferrari-spa-sefac,italy,Italy 
1973,team-ensign,united-kingdom,United Kingdom
1973,team-pierre-robert,sweden,Sweden 
1973,team-surtees,united-kingdom,United Kingdom
1973,uop-shadow-racing,united-states-of-america,United States Of America
1973,yardley-team-mclaren,united-kingdom,United Kingdom
1974,aaw-racing-team,finland,Finland 
1974,allied-polymer-group,united-kingdom,United Kingdom
1974,bang-olufsen-team-surtees,united-kingdom,United Kingdom
1974,blignaut-embassy-racing,south-africa,South Africa
1974,dalton-amon-international,new-zealand,New Zealand
1974,dempster-international-racing-team,united-kingdom,United Kingdom
1974,elf-team-tyrrell,united-kingdom,United Kingdom
1974,embassy-racing-with-graham-hill,united-kingdom,United Kingdom
1974,frank-williams-racing-cars,united-kingdom,United Kingdom
1974,hesketh-racing,united-kingdom,United Kingdom
1974,john-goldie-racing-with-hexagon,united-kingdom,United Kingdom
1974,john-player-team-lotus,united-kingdom,United Kingdom
1974,maki-engineering,japan,Japan 
1974,march-engineering,united-kingdom,United Kingdom
1974,marlboro-team-texaco,united-kingdom,United Kingdom
1974,memphis-international-team-surtees,united-kingdom,United Kingdom
1974,motor-racing-developments,united-kingdom,United Kingdom
1974,motul-team-brm,united-kingdom,United Kingdom
1974,penske-cars,united-states-of-america,United States Of America
1974,pinch-plant-ltd,united-kingdom,United Kingdom
1974,scribante-lucky-strike-racing,south-africa,South Africa
1974,scuderia-ferrari-spa-sefac,italy,Italy 
1974,scuderia-finotto,italy,Italy 
1974,team-canada-f1-racing,canada,Canada 
1974,team-ensign,united-kingdom,United Kingdom
1974,team-gunston,south-africa,South Africa
1974,team-surtees,united-kingdom,United Kingdom
1974,the-chequered-flag,united-kingdom,United Kingdom
1974,token-racing,united-kingdom,United Kingdom
1974,trojan-tauranac-racing,united-kingdom,United Kingdom
1974,uop-shadow-racing,united-states-of-america,United States Of America
1974,vels-parnelli-jones-racing,united-states-of-america,United States Of America
1974,yardley-team-mclaren,united-kingdom,United Kingdom
1975,beta-team-march,united-kingdom,United Kingdom
1975,copersucar-fittipaldi,brazil,Brazil 
1975,custom-made-harry-stiller-racing,united-kingdom,United Kingdom
1975,elf-team-tyrrell,united-kingdom,United Kingdom
1975,embassy-racing-with-graham-hill,united-kingdom,United Kingdom
1975,first-national-city-bank-team-penske,united-states-of-america,United States Of America
1975,frank-williams-racing-cars,united-kingdom,United Kingdom
1975,hb-bewaking-team-ensign,united-kingdom,United Kingdom
1975,hesketh-racing,united-kingdom,United Kingdom
1975,john-player-team-lotus,united-kingdom,United Kingdom
1975,lavazza-march,united-kingdom,United Kingdom
1975,lexington-racing,south-africa,South Africa
1975,lucky-strike-racing,south-africa,South Africa
1975,maki-engineering,japan,Japan 
1975,marlboro-team-texaco,united-kingdom,United Kingdom
1975,martini-racing,united-kingdom,United Kingdom
1975,matchbox-team-surtees,united-kingdom,United Kingdom
1975,uop-shadow-racing,united-states-of-america,United States Of America
1975,national-organs-team-surtees,united-kingdom,United Kingdom
1975,pinch-plant-ltd,united-kingdom,United Kingdom
1975,polar-caravans,united-kingdom,United Kingdom
1975,scuderia-ferrari-spa-sefac,italy,Italy 
1975,stanley-brm,united-kingdom,United Kingdom
1975,team-gunston,south-africa,South Africa
1975,vels-parnelli-jones-racing,united-states-of-america,United States Of America
1975,warsteiner-brewery,united-kingdom,United Kingdom
1976,beta-team-march,united-kingdom,United Kingdom
1976,boro-racing,netherlands,Netherlands 
1976,copersucar-fittipaldi,brazil,Brazil 
1976,durex-team-surtees,united-kingdom,United Kingdom
1976,elf-team-tyrrell,united-kingdom,United Kingdom
1976,first-national-city-bank-team-penske,united-states-of-america,United States Of America
1976,fs-properties,netherlands,Netherlands 
1976,heros-racing,japan,Japan 
1976,hesketh-racing,united-kingdom,United Kingdom
1976,john-player-team-lotus,united-kingdom,United Kingdom
1976,kojima-engineering,japan,Japan 
1976,lavazza-march,united-kingdom,United Kingdom
1976,lexington-racing,south-africa,South Africa
1976,ligier-gitanes,france,France 
1976,lucky-strike-shadow-racing,united-kingdom,United Kingdom
1976,maki-engineering,japan,Japan 
1976,mapfre-williams,united-kingdom,United Kingdom
1976,march-engineering,united-kingdom,United Kingdom
1976,marlboro-team-mclaren,united-kingdom,United Kingdom
1976,martini-racing,united-kingdom,United Kingdom
1976,oasc-racing-team,austria,Austria 
1976,ovoro-team-march,united-kingdom,United Kingdom
1976,penthouse-rizla-racing-with-hesketh,united-kingdom,United Kingdom
1976,ram-racing,united-kingdom,United Kingdom
1976,scuderia-ferrari-spa-sefac,italy,Italy 
1976,scuderia-gulf-rondini,italy,Italy 
1976,shellsport-whiting,united-kingdom,United Kingdom
1976,stanley-brm,united-kingdom,United Kingdom
1976,tabatip-shadow-racing,united-kingdom,United Kingdom
1976,team-ensign,united-kingdom,United Kingdom
1976,team-norev,united-kingdom,United Kingdom
1976,team-pr-reilly,united-kingdom,United Kingdom
1976,team-surtees,united-kingdom,United Kingdom
1976,vels-parnelli-jones-racing,united-states-of-america,United States Of America
1976,wolf-williams-racing,canada,Canada 
1977,ambrosio-shadow-racing,united-kingdom,United Kingdom
1977,ats-racing-team,germany,Germany 
1977,beta-team-surtees,united-kingdom,United Kingdom
1977,brian-mcguire,australia,Australia 
1977,british-formula-one-racing-team,united-kingdom,United Kingdom
1977,chesterfield-racing,united-states-of-america,United States Of America
1977,durex-team-surtees,united-kingdom,United Kingdom
1977,equipe-renault-elf,france,France 
1977,first-national-city-elf-team-tyrrell,united-kingdom,United Kingdom
1977,fittipaldi-automotive,brazil,Brazil 
1977,hb-bewaking-alarmsystemen,netherlands,Netherlands 
1977,heros-racing-corporation,japan,Japan 
1977,hesketh-racing,united-kingdom,United Kingdom
1977,hollywood-march-racing,united-kingdom,United Kingdom
1977,iberia-airlines,spain,Spain 
1977,interscope-racing,united-states-of-america,United States Of America
1977,john-player-team-lotus,united-kingdom,United Kingdom
1977,jolly-club-of-switzerland,switzerland,Switzerland 
1977,kojima-engineering,japan,Japan 
1977,lec-refrigeration-racing,united-kingdom,United Kingdom
1977,ligier-gitanes,france,France 
1977,marlboro-team-mclaren,united-kingdom,United Kingdom
1977,martini-racing,united-kingdom,United Kingdom
1977,meiritsu-racing-team,japan,Japan 
1977,melchester-racing,united-kingdom,United Kingdom
1977,penthouse-rizla-racing,united-kingdom,United Kingdom
1977,ram-racing-fs-properties,united-kingdom,United Kingdom
1977,scuderia-ferrari-spa-sefac,italy,Italy 
1977,stanley-brm,united-kingdom,United Kingdom
1977,team-merzario,italy,Italy 
1977,team-rothmans-international,united-kingdom,United Kingdom
1977,team-surtees,united-kingdom,United Kingdom
1977,team-tissot-ensign-with-castrol,united-kingdom,United Kingdom
1977,theodore-racing-hong-kong,hong-kong,Hong Kong
1977,walter-wolf-racing,canada,Canada 
1977,williams-grand-prix-engineering,united-kingdom,United Kingdom
1978,arrows-racing-team,united-kingdom,United Kingdom
1978,ats-racing-team,germany,Germany 
1978,automobiles-martini,france,France 
1978,beta-team-surtees,united-kingdom,United Kingdom
1978,centro-asegurador-f1,spain,Spain 
1978,durex-team-surtees,united-kingdom,United Kingdom
1978,equipe-renault-elf,france,France 
1978,first-national-city-elf-team-tyrrell,united-kingdom,United Kingdom
1978,fittipaldi-automotive,brazil,Brazil 
1978,interscope-racing,united-states-of-america,United States Of America
1978,john-player-team-lotus,united-kingdom,United Kingdom
1978,liggett-group-with-bs-fabrications,united-kingdom,United Kingdom
1978,ligier-gitanes,france,France 
1978,mario-deliotti-racing,united-kingdom,United Kingdom
1978,marlboro-team-mclaren,united-kingdom,United Kingdom
1978,melchester-racing,united-kingdom,United Kingdom
1978,olympus-cameras-with-hesketh-racing,united-kingdom,United Kingdom
1978,parmalat-racing-team,united-kingdom,United Kingdom
1978,patrick-neve,belgium,Belgium 
1978,sachs-racing,germany,Germany 
1978,scuderia-ferrari-spa-sefac,italy,Italy 
1978,team-merzario,italy,Italy 
1978,team-rebaque,mexico,Mexico 
1978,team-surtees,united-kingdom,United Kingdom
1978,team-tissot-ensign,united-kingdom,United Kingdom
1978,theodore-racing,hong-kong,Hong Kong
1978,theodore-racing-hong-kong,hong-kong,Hong Kong
1978,villiger-shadow,united-kingdom,United Kingdom
1978,walter-wolf-racing,canada,Canada 
1978,williams-grand-prix-engineering,united-kingdom,United Kingdom
1979,albilad-saudia-racing-team,united-kingdom,United Kingdom
1979,ats-wheels,germany,Germany 
1979,autodelta,italy,Italy 
1979,candy-tyrrell-team,united-kingdom,United Kingdom
1979,equipe-renault-elf,france,France 
1979,fittipaldi-automotive,brazil,Brazil 
1979,interscope-shadow-racing,united-kingdom,United Kingdom
1979,ligier-gitanes,france,France 
1979,marlboro-team-mclaren,united-kingdom,United Kingdom
1979,martini-racing-team-lotus,united-kingdom,United Kingdom
1979,olympus-cameras-wolf-racing,canada,Canada 
1979,parmalat-racing-team,united-kingdom,United Kingdom
1979,samson-shadow-racing,united-kingdom,United Kingdom
1979,scuderia-ferrari-spa-sefac,italy,Italy 
1979,team-ensign,united-kingdom,United Kingdom
1979,team-merzario,italy,Italy 
1979,team-rebaque,mexico,Mexico 
1979,warsteiner-arrows-racing-team,united-kingdom,United Kingdom
1979,willi-kauhsen-racing-team,germany,Germany 
1980,albilad-williams-racing-team,united-kingdom,United Kingdom
1980,brands-hatch-racing,united-kingdom,United Kingdom
1980,candy-tyrrell-team,united-kingdom,United Kingdom
1980,equipe-ligier-gitanes,france,France 
1980,equipe-renault-elf,france,France 
1980,marlboro-team-alfa-romeo,italy,Italy 
1980,marlboro-team-mclaren,united-kingdom,United Kingdom
1980,osella-racing-team,italy,Italy 
1980,parmalat-racing-team,united-kingdom,United Kingdom
1980,ram-penthouse-rizla-racing,united-kingdom,United Kingdom
1980,ram-rainbow-jeans-racing,united-kingdom,United Kingdom
1980,ram-williams-grand-prix-engineering,united-kingdom,United Kingdom
1980,scuderia-ferrari-spa-sefac,italy,Italy 
1980,skol-fittipaldi-team,brazil,Brazil 
1980,team-ats,germany,Germany 
1980,team-essex-lotus,united-kingdom,United Kingdom
1980,theodore-shadow,united-kingdom,United Kingdom
1980,unipart-racing-team,united-kingdom,United Kingdom
1980,warsteiner-arrows-racing-team,united-kingdom,United Kingdom
1981,albilad-williams-racing-team,united-kingdom,United Kingdom
1981,candy-toleman-motorsport,united-kingdom,United Kingdom
1981,denim-osella,italy,Italy 
1981,ensign-racing,united-kingdom,United Kingdom
1981,equipe-renault-elf,france,France 
1981,equipe-talbot-gitanes,france,France 
1981,fittipaldi-automotive,brazil,Brazil 
1981,march-grand-prix-team,united-kingdom,United Kingdom
1981,marlboro-mclaren-international,united-kingdom,United Kingdom
1981,marlboro-team-alfa-romeo,italy,Italy 
1981,parmalat-racing-team,united-kingdom,United Kingdom
1981,ragno-arrows-beta-racing-team,united-kingdom,United Kingdom
1981,scuderia-ferrari-spa-sefac,italy,Italy 
1981,team-ats,germany,Germany 
1981,team-essex-lotus,united-kingdom,United Kingdom
1981,theodore-racing-team,hong-kong,Hong Kong
1981,tyrrell-racing-team,united-kingdom,United Kingdom
1982,candy-toleman-motorsport,united-kingdom,United Kingdom
1982,ensign-racing,united-kingdom,United Kingdom
1982,equipe-renault-elf,france,France 
1982,equipe-talbot-gitanes,france,France 
1982,fittipaldi-automotive,brazil,Brazil 
1982,john-player-team-lotus,united-kingdom,United Kingdom
1982,lbt-team-march,united-kingdom,United Kingdom
1982,marlboro-mclaren-international,united-kingdom,United Kingdom
1982,marlboro-team-alfa-romeo,italy,Italy 
1982,osella-squadra-corse,italy,Italy 
1982,parmalat-racing-team,united-kingdom,United Kingdom
1982,ragno-arrows,united-kingdom,United Kingdom
1982,rothmans-march-grand-prix-team,united-kingdom,United Kingdom
1982,scuderia-ferrari-spa-sefac,italy,Italy 
1982,tag-williams-team,united-kingdom,United Kingdom
1982,team-ats,germany,Germany 
1982,team-tyrrell,united-kingdom,United Kingdom
1982,theodore-racing-team,hong-kong,Hong Kong
1983,arrows-racing-team,united-kingdom,United Kingdom
1983,benetton-tyrrell-team,united-kingdom,United Kingdom
1983,candy-toleman-motorsport,united-kingdom,United Kingdom
1983,equipe-ligier-gitanes,france,France 
1983,equipe-renault-elf,france,France 
1983,fila-sport-brabham,united-kingdom,United Kingdom
1983,john-player-special-team-lotus,united-kingdom,United Kingdom
1983,kelemata-osella,italy,Italy 
1983,marlboro-mclaren-international,united-kingdom,United Kingdom
1983,marlboro-team-alfa-romeo,italy,Italy 
1983,ram-racing-team-march,united-kingdom,United Kingdom
1983,scuderia-ferrari-spa-sefac,italy,Italy 
1983,spirit-racing,united-kingdom,United Kingdom
1983,tag-williams-team,united-kingdom,United Kingdom
1983,team-ats,germany,Germany 
1983,theodore-racing-team,hong-kong,Hong Kong
1984,barclay-nordica-arrows-bmw,united-kingdom,United Kingdom
1984,benetton-team-alfa-romeo,italy,Italy 
1984,equipe-renault-elf,france,France 
1984,john-player-special-team-lotus,united-kingdom,United Kingdom
1984,ligier-loto,france,France 
1984,marlboro-mclaren-tag-turbo,united-kingdom,United Kingdom
1984,mrd-international-brabham,united-kingdom,United Kingdom
1984,osella-squadra-corse,italy,Italy 
1984,scuderia-ferrari-spa-sefac,italy,Italy 
1984,skoal-bandit-formula-1-team,united-kingdom,United Kingdom
1984,spirit-racing,united-kingdom,United Kingdom
1984,team-ats,germany,Germany 
1984,toleman-group-motorsport,united-kingdom,United Kingdom
1984,tyrrell-racing-organisation,united-kingdom,United Kingdom
1984,williams-grand-prix-engineering,united-kingdom,United Kingdom
1985,barclay-arrows-bmw,united-kingdom,United Kingdom
1985,benetton-team-alfa-romeo,italy,Italy 
1985,canon-williams-honda-team,united-kingdom,United Kingdom
1985,equipe-ligier,france,France 
1985,equipe-renault-elf,france,France 
1985,john-player-special-team-lotus,united-kingdom,United Kingdom
1985,kelemata-osella,italy,Italy 
1985,marlboro-mclaren-tag-turbo,united-kingdom,United Kingdom
1985,minardi-team,italy,Italy 
1985,olivetti-racing,united-kingdom,United Kingdom
1985,scuderia-ferrari-spa-sefac,italy,Italy 
1985,skoal-bandit-formula-1-team,united-kingdom,United Kingdom
1985,spirit-enterprises-ltd,united-kingdom,United Kingdom
1985,team-haas-usa-ltd,united-states-of-america,United States Of America
1985,toleman-group-motorsport,united-kingdom,United Kingdom
1985,tyrrell-racing-organisation,united-kingdom,United Kingdom
1985,west-zakspeed-racing,germany,Germany 
1986,barclay-arrows-bmw,united-kingdom,United Kingdom
1986,benetton-formula,united-kingdom,United Kingdom
1986,canon-williams-honda-team,united-kingdom,United Kingdom
1986,data-general-team-tyrrell,united-kingdom,United Kingdom
1986,equipe-ligier,france,France 
1986,john-player-special-team-lotus,united-kingdom,United Kingdom
1986,jolly-club-spa,france,France 
1986,marlboro-mclaren-tag-turbo,united-kingdom,United Kingdom
1986,minardi-team,italy,Italy 
1986,olivetti-brabham,united-kingdom,United Kingdom
1986,osella-squadra-corse,italy,Italy 
1986,scuderia-ferrari-spa-sefac,italy,Italy 
1986,team-haas-usa-ltd,united-states-of-america,United States Of America
1986,west-zakspeed-racing,germany,Germany 
1987,benetton-formula,united-kingdom,United Kingdom
1987,camel-team-lotus-honda,united-kingdom,United Kingdom
1987,canon-williams-honda-team,united-kingdom,United Kingdom
1987,data-general-team-tyrrell,united-kingdom,United Kingdom
1987,el-charro-ags,france,France 
1987,enzo-coloni-racing-car-system,italy,Italy 
1987,landis-gyr-osella,italy,Italy 
1987,larrousse-calmels,france,France 
1987,leyton-house-march-racing-team,united-kingdom,United Kingdom
1987,ligier-loto,france,France 
1987,marlboro-mclaren-tag-turbo,united-kingdom,United Kingdom
1987,minardi-team,italy,Italy 
1987,motor-racing-developments,united-kingdom,United Kingdom
1987,scuderia-ferrari-spa-sefac,italy,Italy 
1987,usfg-arrows-megatron,united-kingdom,United Kingdom
1987,west-zakspeed-racing,germany,Germany 
1988,ags,france,France 
1988,arrows-grand-prix-international,united-kingdom,United Kingdom
1988,benetton-formula,united-kingdom,United Kingdom
1988,bms-scuderia-italia,italy,Italy 
1988,camel-team-lotus-honda,united-kingdom,United Kingdom
1988,canon-williams-team,united-kingdom,United Kingdom
1988,coloni,italy,Italy 
1988,eurobrun-racing,italy,Italy 
1988,honda-marlboro-mclaren,united-kingdom,United Kingdom
1988,larrousse-calmels,france,France 
1988,leyton-house-march-racing-team,united-kingdom,United Kingdom
1988,ligier-loto,france,France 
1988,lois-minardi-team,italy,Italy 
1988,osella-squadra-corse,italy,Italy 
1988,rial-racing,germany,Germany 
1988,scuderia-ferrari-spa-sefac,italy,Italy 
1988,tyrrell-racing-organisation,united-kingdom,United Kingdom
1988,west-zakspeed-racing,germany,Germany 
1989,ags,france,France 
1989,benetton-formula,united-kingdom,United Kingdom
1989,bms-scuderia-italia,italy,Italy 
1989,camel-team-lotus,united-kingdom,United Kingdom
1989,canon-williams-team,united-kingdom,United Kingdom
1989,coloni,italy,Italy 
1989,eurobrun-racing,italy,Italy 
1989,first-racing,italy,Italy 
1989,fondmetal-osella,italy,Italy 
1989,honda-marlboro-mclaren,united-kingdom,United Kingdom
1989,leyton-house-racing,united-kingdom,United Kingdom
1989,ligier-loto,france,France 
1989,lois-minardi-team,italy,Italy 
1989,moneytron-onyx-formula-one,united-kingdom,United Kingdom
1989,motor-racing-developments,united-kingdom,United Kingdom
1989,rial-racing,germany,Germany 
1989,scuderia-ferrari-spa-sefac,italy,Italy 
1989,team-larrousse,france,France 
1989,tyrrell-racing-organisation,united-kingdom,United Kingdom
1989,usfg-arrows-ford,united-kingdom,United Kingdom
1989,west-zakspeed-racing,germany,Germany 
1990,ags,france,France 
1990,benetton-formula,united-kingdom,United Kingdom
1990,bms-scuderia-italia,italy,Italy 
1990,camel-team-lotus,united-kingdom,United Kingdom
1990,canon-williams-team,united-kingdom,United Kingdom
1990,coloni-racing,italy,Italy 
1990,espo-larrousse-f1,france,France 
1990,eurobrun-racing,italy,Italy 
1990,fondmetal-osella,italy,Italy 
1990,footwork-arrows-racing,united-kingdom,United Kingdom
1990,honda-marlboro-mclaren,united-kingdom,United Kingdom
1990,leyton-house-racing,united-kingdom,United Kingdom
1990,life-racing-engines,italy,Italy 
1990,ligier-gitanes,france,France 
1990,monteverdi-onyx-formula-one,united-kingdom,United Kingdom
1990,motor-racing-developments,united-kingdom,United Kingdom
1990,scm-minardi-team,italy,Italy 
1990,scuderia-ferrari,italy,Italy 
1990,subaru-coloni-racing,italy,Italy 
1990,tyrrell-racing-organisation,united-kingdom,United Kingdom
1991,ags,france,France 
1991,bms-scuderia-italia,italy,Italy 
1991,braun-tyrrell-honda,united-kingdom,United Kingdom
1991,camel-benetton-ford,united-kingdom,United Kingdom
1991,canon-williams,united-kingdom,United Kingdom
1991,coloni-racing,italy,Italy 
1991,fondmetal,italy,Italy 
1991,footwork-ford,united-kingdom,United Kingdom
1991,footwork-porsche,united-kingdom,United Kingdom
1991,honda-marlboro-mclaren,united-kingdom,United Kingdom
1991,larrousse-f1,france,France 
1991,leyton-house-racing,united-kingdom,United Kingdom
1991,ligier-gitanes,france,France 
1991,minardi-team,italy,Italy 
1991,modena-team-spa,italy,Italy 
1991,motor-racing-developments,united-kingdom,United Kingdom
1991,scuderia-ferrari,italy,Italy 
1991,team-7up-jordan,ireland,Ireland 
1991,team-lotus,united-kingdom,United Kingdom
1992,andrea-moda-formula,italy,Italy 
1992,bms-scuderia-italia,italy,Italy 
1992,camel-benetton-ford,united-kingdom,United Kingdom
1992,canon-williams,united-kingdom,United Kingdom
1992,central-park-venturi-larrousse,france,France 
1992,fondmetal,italy,Italy 
1992,footwork-mugen-honda,united-kingdom,United Kingdom
1992,honda-marlboro-mclaren,united-kingdom,United Kingdom
1992,ligier-gitanes-blondes,france,France 
1992,march-f1,united-kingdom,United Kingdom
1992,minardi-team,italy,Italy 
1992,motor-racing-developments,united-kingdom,United Kingdom
1992,sasol-jordan-yamaha,ireland,Ireland 
1992,scuderia-ferrari,italy,Italy 
1992,team-lotus,united-kingdom,United Kingdom
1992,tyrrell-racing-organisation,united-kingdom,United Kingdom
1993,camel-benetton-ford,united-kingdom,United Kingdom
1993,canon-williams,united-kingdom,United Kingdom
1993,footwork-mugen-honda,united-kingdom,United Kingdom
1993,larrousse-f1,france,France 
1993,ligier-gitanes-blondes,france,France 
1993,lola-bms-scuderia-italia,italy,Italy 
1993,march-f1,united-kingdom,United Kingdom
1993,marlboro-mclaren,united-kingdom,United Kingdom
1993,minardi-team,italy,Italy 
1993,sasol-jordan,ireland,Ireland 
1993,sauber,switzerland,Switzerland 
1993,scuderia-ferrari,italy,Italy 
1993,team-castrol-lotus,united-kingdom,United Kingdom
1993,tyrrell-racing-organisation,united-kingdom,United Kingdom
1994,broker-sauber-mercedes,switzerland,Switzerland 
1994,footwork-ford,united-kingdom,United Kingdom
1994,ligier-gitanes-blondes,france,France 
1994,marlboro-mclaren-peugeot,united-kingdom,United Kingdom
1994,mild-seven-benetton-ford,united-kingdom,United Kingdom
1994,minardi-scuderia-italia,italy,Italy 
1994,mtv-simtek-ford,united-kingdom,United Kingdom
1994,pacific-grand-prix,united-kingdom,United Kingdom
1994,rothmans-williams-renault,united-kingdom,United Kingdom
1994,sasol-jordan,ireland,Ireland 
1994,scuderia-ferrari,italy,Italy 
1994,team-lotus,united-kingdom,United Kingdom
1994,tourtel-larrousse-f1,france,France 
1994,tyrrell-racing-organisation,united-kingdom,United Kingdom
1995,footwork-hart,united-kingdom,United Kingdom
1995,junior-larrousse-f1,france,France 
1995,ligier-gitanes-blondes,france,France 
1995,marlboro-mclaren-mercedes,united-kingdom,United Kingdom
1995,mild-seven-benetton-renault,united-kingdom,United Kingdom
1995,minardi-scuderia-italia,italy,Italy 
1995,mtv-simtek-ford,united-kingdom,United Kingdom
1995,nokia-tyrrell-yamaha,united-kingdom,United Kingdom
1995,pacific-team-lotus,united-kingdom,United Kingdom
1995,parmalat-forti-ford,italy,Italy 
1995,red-bull-sauber-ford,switzerland,Switzerland 
1995,rothmans-williams-renault,united-kingdom,United Kingdom
1995,scuderia-ferrari,italy,Italy 
1995,total-jordan-peugeot,ireland,Ireland 
1996,benson-hedges-total-jordan-peugeot,ireland,Ireland 
1996,footwork-hart,united-kingdom,United Kingdom
1996,forti-grand-prix,italy,Italy 
1996,ligier-gauloises-blondes,france,France 
1996,marlboro-mclaren-mercedes,united-kingdom,United Kingdom
1996,mild-seven-benetton-renault,italy,Italy 
1996,minardi-team,italy,Italy 
1996,red-bull-sauber-ford,switzerland,Switzerland 
1996,rothmans-williams-renault,united-kingdom,United Kingdom
1996,scuderia-ferrari,italy,Italy 
1996,tyrrell-yamaha,united-kingdom,United Kingdom
1997,benson-hedges-jordan-peugeot,ireland,Ireland 
1997,danka-arrows-yamaha,united-kingdom,United Kingdom
1997,hsbc-malaysia-stewart-ford,united-kingdom,United Kingdom
1997,mastercard-lola-f1-team,united-kingdom,United Kingdom
1997,mild-seven-benetton-renault,italy,Italy 
1997,minardi-team,italy,Italy 
1997,piaa-tyrrell-ford,united-kingdom,United Kingdom
1997,prost-gauloises-blondes,france,France 
1997,red-bull-sauber-petronas,switzerland,Switzerland 
1997,rothmans-williams-renault,united-kingdom,United Kingdom
1997,scuderia-ferrari-marlboro,italy,Italy 
1997,west-mclaren-mercedes,united-kingdom,United Kingdom
1998,benson-hedges-jordan,ireland,Ireland 
1998,danka-zepter-arrows,united-kingdom,United Kingdom
1998,fondmetal-minardi-team,italy,Italy 
1998,gauloises-prost-peugeot,france,France 
1998,hsbc-stewart-ford,united-kingdom,United Kingdom
1998,mild-seven-benetton-playlife,italy,Italy 
1998,piaa-tyrrell,united-kingdom,United Kingdom
1998,red-bull-sauber-petronas,switzerland,Switzerland 
1998,scuderia-ferrari-marlboro,italy,Italy 
1998,west-mclaren-mercedes,united-kingdom,United Kingdom
1998,winfield-williams,united-kingdom,United Kingdom
1999,benson-hedges-jordan,ireland,Ireland 
1999,british-american-racing,united-kingdom,United Kingdom
1999,fondmetal-minardi-team,italy,Italy 
1999,gauloises-prost-peugeot,france,France 
1999,hsbc-stewart-ford,united-kingdom,United Kingdom
1999,mild-seven-benetton-playlife,italy,Italy 
1999,red-bull-sauber-petronas,switzerland,Switzerland 
1999,repsol-arrows,united-kingdom,United Kingdom
1999,scuderia-ferrari-marlboro,italy,Italy 
1999,west-mclaren-mercedes,united-kingdom,United Kingdom
1999,winfield-williams,united-kingdom,United Kingdom
2000,arrows-f1-team,united-kingdom,United Kingdom
2000,benson-hedges-jordan,ireland,Ireland 
2000,bmw-williamsf1-team,united-kingdom,United Kingdom
2000,gauloises-prost-peugeot,france,France 
2000,jaguar-racing-f1-team,united-kingdom,United Kingdom
2000,lucky-strike-reynard-bar-honda,united-kingdom,United Kingdom
2000,mild-seven-benetton-playlife,italy,Italy 
2000,red-bull-sauber-petronas,switzerland,Switzerland 
2000,scuderia-ferrari-marlboro,italy,Italy 
2000,telefonica-minardi-fondmetal,italy,Italy 
2000,west-mclaren-mercedes,united-kingdom,United Kingdom
2001,benson-hedges-jordan-honda,ireland,Ireland 
2001,bmw-williamsf1-team,united-kingdom,United Kingdom
2001,european-minardi-f1,italy,Italy 
2001,jaguar-racing-f1-team,united-kingdom,United Kingdom
2001,lucky-strike-bar-honda,united-kingdom,United Kingdom
2001,mild-seven-benetton-renault,italy,Italy 
2001,orange-arrows-asiatech,united-kingdom,United Kingdom
2001,prost-grand-prix,france,France 
2001,red-bull-sauber-petronas,switzerland,Switzerland 
2001,scuderia-ferrari-marlboro,italy,Italy 
2001,west-mclaren-mercedes,united-kingdom,United Kingdom
2002,bmw-williamsf1-team,united-kingdom,United Kingdom
2002,dhl-jordan-honda,ireland,Ireland 
2002,jaguar-racing-f1-team,united-kingdom,United Kingdom
2002,kl-minardi-asiatech,italy,Italy 
2002,lucky-strike-bar-honda,united-kingdom,United Kingdom
2002,mild-seven-renault-f1-team,france,France 
2002,orange-arrows,united-kingdom,United Kingdom
2002,panasonic-toyota-racing,japan,Japan 
2002,sauber-petronas,switzerland,Switzerland 
2002,scuderia-ferrari-marlboro,italy,Italy 
2002,west-mclaren-mercedes,united-kingdom,United Kingdom
2003,benson-hedges-jordan-ford,ireland,Ireland 
2003,bmw-williamsf1-team,united-kingdom,United Kingdom
2003,jaguar-racing-f1-team,united-kingdom,United Kingdom
2003,lucky-strike-bar-honda,united-kingdom,United Kingdom
2003,mild-seven-renault-f1-team,france,France 
2003,panasonic-toyota-racing,japan,Japan 
2003,sauber-petronas,switzerland,Switzerland 
2003,scuderia-ferrari-marlboro,italy,Italy 
2003,trust-minardi-cosworth,italy,Italy 
2003,west-mclaren-mercedes,united-kingdom,United Kingdom
2004,bmw-williamsf1-team,united-kingdom,United Kingdom
2004,jaguar-racing-f1-team,united-kingdom,United Kingdom
2004,jordan-ford,ireland,Ireland 
2004,lucky-strike-bar-honda,united-kingdom,United Kingdom
2004,mild-seven-renault-f1-team,france,France 
2004,minardi-cosworth,italy,Italy 
2004,panasonic-toyota-racing,japan,Japan 
2004,sauber-petronas,switzerland,Switzerland 
2004,scuderia-ferrari-marlboro,italy,Italy 
2004,west-mclaren-mercedes,united-kingdom,United Kingdom
2005,bmw-williamsf1-team,united-kingdom,United Kingdom
2005,jordan-grand-prix,ireland,Ireland 
2005,lucky-strike-bar-honda,united-kingdom,United Kingdom
2005,mild-seven-renault-f1-team,france,France 
2005,minardi-f1-team,italy,Italy 
2005,panasonic-toyota-racing,japan,Japan 
2005,red-bull-racing,united-kingdom,United Kingdom
2005,sauber-petronas,switzerland,Switzerland 
2005,scuderia-ferrari-marlboro,italy,Italy 
2005,team-mclaren-mercedes,united-kingdom,United Kingdom
2006,bmw-sauber-f1-team,germany,Germany 
2006,lucky-strike-honda-racing-f1-team,japan,Japan 
2006,mf1-racing,russia,Russia 
2006,mild-seven-renault-f1-team,france,France 
2006,panasonic-toyota-racing,japan,Japan 
2006,red-bull-racing,united-kingdom,United Kingdom
2006,scuderia-ferrari-marlboro,italy,Italy 
2006,scuderia-toro-rosso,italy,Italy 
2006,super-aguri-f1-team,japan,Japan 
2006,team-mclaren-mercedes,united-kingdom,United Kingdom
2006,williams-f1-team,united-kingdom,United Kingdom
2007,att-williams,united-kingdom,United Kingdom
2007,bmw-sauber-f1-team,germany,Germany 
2007,etihad-aldar-spyker-f1-team,netherlands,Netherlands 
2007,honda-racing-f1-team,japan,Japan 
2007,ing-renault-f1-team,france,France 
2007,panasonic-toyota-racing,japan,Japan 
2007,red-bull-racing,austria,Austria 
2007,scuderia-ferrari-marlboro,italy,Italy 
2007,scuderia-toro-rosso,italy,Italy 
2007,super-aguri-f1-team,japan,Japan 
2007,vodafone-mclaren-mercedes,united-kingdom,United Kingdom
2008,att-williams,united-kingdom,United Kingdom
2008,bmw-sauber-f1-team,germany,Germany 
2008,force-india-f1-team,india,India 
2008,honda-racing-f1-team,japan,Japan 
2008,ing-renault-f1-team,france,France 
2008,panasonic-toyota-racing,japan,Japan 
2008,red-bull-racing,austria,Austria 
2008,scuderia-ferrari-marlboro,italy,Italy 
2008,scuderia-toro-rosso,italy,Italy 
2008,super-aguri-f1-team,japan,Japan 
2008,vodafone-mclaren-mercedes,united-kingdom,United Kingdom
2009,att-williams,united-kingdom,United Kingdom
2009,bmw-sauber-f1-team,germany,Germany 
2009,brawn-gp-formula-1-team,united-kingdom,United Kingdom
2009,force-india-f1-team,india,India 
2009,ing-renault-f1-team,france,France 
2009,panasonic-toyota-racing,japan,Japan 
2009,red-bull-racing,austria,Austria 
2009,scuderia-ferrari-marlboro,italy,Italy 
2009,scuderia-toro-rosso,italy,Italy 
2009,vodafone-mclaren-mercedes,united-kingdom,United Kingdom
2010,att-williams,united-kingdom,United Kingdom
2010,bmw-sauber-f1-team,switzerland,Switzerland 
2010,force-india-f1-team,india,India 
2010,hispania-racing-f1-team,spain,Spain 
2010,lotus-racing,malaysia,Malaysia 
2010,mercedes-gp-petronas-f1-team,germany,Germany 
2010,red-bull-racing,austria,Austria 
2010,renault-f1-team,france,France 
2010,scuderia-ferrari-marlboro,italy,Italy 
2010,scuderia-toro-rosso,italy,Italy 
2010,virgin-racing,united-kingdom,United Kingdom
2010,vodafone-mclaren-mercedes,united-kingdom,United Kingdom
2011,att-williams,united-kingdom,United Kingdom
2011,force-india-f1-team,india,India 
2011,hrt-formula-1-team,spain,Spain 
2011,lotus-renault-gp,united-kingdom,United Kingdom
2011,marussia-virgin-racing,russia,Russia 
2011,mercedes-gp-petronas-f1-team,germany,Germany 
2011,red-bull-racing,austria,Austria 
2011,sauber-f1-team,switzerland,Switzerland 
2011,scuderia-ferrari,italy,Italy 
2011,scuderia-toro-rosso,italy,Italy 
2011,team-lotus,malaysia,Malaysia 
2011,vodafone-mclaren-mercedes,united-kingdom,United Kingdom
2012,caterham-f1-team,malaysia,Malaysia 
2012,hrt-formula-1-team,spain,Spain 
2012,lotus-f1-team,united-kingdom,United Kingdom
2012,marussia-f1-team,russia,Russia 
2012,mercedes-amg-petronas-f1-team,germany,Germany 
2012,red-bull-racing,austria,Austria 
2012,sahara-force-india-f1-team,india,India 
2012,sauber-f1-team,switzerland,Switzerland 
2012,scuderia-ferrari,italy,Italy 
2012,scuderia-toro-rosso,italy,Italy 
2012,vodafone-mclaren-mercedes,united-kingdom,United Kingdom
2012,williams-f1-team,united-kingdom,United Kingdom
2013,caterham-f1-team,malaysia,Malaysia 
2013,infiniti-red-bull-racing,austria,Austria 
2013,lotus-f1-team,united-kingdom,United Kingdom
2013,marussia-f1-team,russia,Russia 
2013,mercedes-amg-petronas-f1-team,germany,Germany 
2013,sahara-force-india-f1-team,india,India 
2013,sauber-f1-team,switzerland,Switzerland 
2013,scuderia-ferrari,italy,Italy 
2013,scuderia-toro-rosso,italy,Italy 
2013,vodafone-mclaren-mercedes,united-kingdom,United Kingdom
2013,williams-f1-team,united-kingdom,United Kingdom
2014,caterham-f1-team,malaysia,Malaysia 
2014,infiniti-red-bull-racing,austria,Austria 
2014,lotus-f1-team,united-kingdom,United Kingdom
2014,marussia-f1-team,russia,Russia 
2014,mclaren-mercedes,united-kingdom,United Kingdom
2014,mercedes-amg-petronas-f1-team,germany,Germany 
2014,sahara-force-india-f1-team,india,India 
2014,sauber-f1-team,switzerland,Switzerland 
2014,scuderia-ferrari,italy,Italy 
2014,scuderia-toro-rosso,italy,Italy 
2014,williams-martini-racing,united-kingdom,United Kingdom
2015,infiniti-red-bull-racing,austria,Austria 
2015,lotus-f1-team,united-kingdom,United Kingdom
2015,manor-marussia-f1-team,united-kingdom,United Kingdom
2015,mclaren-honda,united-kingdom,United Kingdom
2015,mercedes-amg-petronas-f1-team,germany,Germany 
2015,sahara-force-india-f1-team,india,India 
2015,sauber-f1-team,switzerland,Switzerland 
2015,scuderia-ferrari,italy,Italy 
2015,scuderia-toro-rosso,italy,Italy 
2015,williams-martini-racing,united-kingdom,United Kingdom
2016,haas-f1-team,united-states-of-america,United States Of America
2016,manor-racing-mrt,united-kingdom,United Kingdom
2016,mclaren-honda-formula-1-team,united-kingdom,United Kingdom
2016,mercedes-amg-petronas-formula-one-team,germany,Germany 
2016,red-bull-racing,austria,Austria 
2016,renault-sport-formula-one-team,france,France 
2016,sahara-force-india-formula-one-team,india,India 
2016,sauber-f1-team,switzerland,Switzerland 
2016,scuderia-ferrari,italy,Italy 
2016,scuderia-toro-rosso,italy,Italy 
2016,williams-martini-racing,united-kingdom,United Kingdom
2017,haas-f1-team,united-states-of-america,United States Of America
2017,mclaren-honda,united-kingdom,United Kingdom
2017,mercedes-amg-petronas-f1-team,germany,Germany 
2017,red-bull-racing,austria,Austria 
2017,renault-sport-formula-one-team,france,France 
2017,sahara-force-india-f1-team,india,India 
2017,sauber-f1-team,switzerland,Switzerland 
2017,scuderia-ferrari,italy,Italy 
2017,scuderia-toro-rosso,italy,Italy 
2017,williams-martini-racing,united-kingdom,United Kingdom
2018,alfa-romeo-sauber-f1-team,switzerland,Switzerland 
2018,aston-martin-red-bull-racing,austria,Austria 
2018,haas-f1-team,united-states-of-america,United States Of America
2018,mclaren-f1-team,united-kingdom,United Kingdom
2018,mercedes-amg-petronas-motorsport,germany,Germany 
2018,racing-point-force-india-f1-team,united-kingdom,United Kingdom
2018,red-bull-toro-rosso-honda,italy,Italy 
2018,renault-sport-formula-one-team,france,France 
2018,sahara-force-india-f1-team,india,India 
2018,scuderia-ferrari,italy,Italy 
2018,williams-martini-racing,united-kingdom,United Kingdom
2019,alfa-romeo-racing,switzerland,Switzerland 
2019,aston-martin-red-bull-racing,austria,Austria 
2019,haas-f1-team,united-states-of-america,United States Of America
2019,mclaren-f1-team,united-kingdom,United Kingdom
2019,mercedes-amg-petronas-motorsport,germany,Germany 
2019,red-bull-toro-rosso-honda,italy,Italy 
2019,renault-f1-team,france,France 
2019,rokit-williams-racing,united-kingdom,United Kingdom
2019,scuderia-ferrari,italy,Italy 
2019,sportpesa-racing-point-f1-team,united-kingdom,United Kingdom
2020,alfa-romeo-racing-orlen,switzerland,Switzerland 
2020,aston-martin-red-bull-racing,austria,Austria 
2020,bwt-racing-point-f1-team,united-kingdom,United Kingdom
2020,haas-f1-team,united-states-of-america,United States Of America
2020,mclaren-f1-team,united-kingdom,United Kingdom
2020,mercedes-amg-petronas-f1-team,germany,Germany 
2020,renault-dp-world-f1-team,france,France 
2020,scuderia-alphatauri-honda,italy,Italy 
2020,scuderia-ferrari,italy,Italy 
2020,williams-racing,united-kingdom,United Kingdom
2021,alfa-romeo-racing-orlen,switzerland,Switzerland 
2021,alpine-f1-team,france,France 
2021,aston-martin-cognizant-f1-team,united-kingdom,United Kingdom
2021,mclaren-f1-team,united-kingdom,United Kingdom
2021,mercedes-amg-petronas-f1-team,germany,Germany 
2021,red-bull-racing-honda,austria,Austria 
2021,scuderia-alphatauri-honda,italy,Italy 
2021,scuderia-ferrari-mission-winnow,italy,Italy 
2021,uralkali-haas-f1-team,united-states-of-america,United States Of America
2021,williams-racing,united-kingdom,United Kingdom
2022,alfa-romeo-f1-team-orlen,switzerland,Switzerland 
2022,aston-martin-aramco-cognizant-f1-team,united-kingdom,United Kingdom
2022,bwt-alpine-f1-team,france,France 
2022,haas-f1-team,united-states-of-america,United States Of America
2022,mclaren-f1-team,united-kingdom,United Kingdom
2022,mercedes-amg-petronas-f1-team,germany,Germany 
2022,oracle-red-bull-racing,austria,Austria 
2022,scuderia-alphatauri,italy,Italy 
2022,scuderia-ferrari,italy,Italy 
2022,williams-racing,united-kingdom,United Kingdom
2023,alfa-romeo-f1-team-stake,switzerland,Switzerland 
2023,aston-martin-aramco-cognizant-f1-team,united-kingdom,United Kingdom
2023,bwt-alpine-f1-team,france,France 
2023,mclaren-f1-team,united-kingdom,United Kingdom
2023,mercedes-amg-petronas-f1-team,germany,Germany 
2023,moneygram-haas-f1-team,united-states-of-america,United States Of America
2023,oracle-red-bull-racing,austria,Austria 
2023,scuderia-alphatauri,italy,Italy 
2023,scuderia-ferrari,italy,Italy 
2023,williams-racing,united-kingdom,United Kingdom
2024,aston-martin-aramco-f1-team,united-kingdom,United Kingdom
2024,bwt-alpine-f1-team,france,France 
2024,mclaren-f1-team,united-kingdom,United Kingdom
2024,mercedes-amg-petronas-f1-team,germany,Germany 
2024,moneygram-haas-f1-team,united-states-of-america,United States Of America
2024,oracle-red-bull-racing,austria,Austria 
2024,scuderia-ferrari,italy,Italy 
2024,stake-f1-team-kick-sauber,switzerland,Switzerland 
2024,visa-cash-app-rb-f1-team,italy,Italy 
2024,williams-racing,united-kingdom,United Kingdom
2025,aston-martin-aramco-f1-team,united-kingdom,United Kingdom
2025,atlassian-williams-racing,united-kingdom,United Kingdom
2025,bwt-alpine-f1-team,france,France 
2025,mclaren-f1-team,united-kingdom,United Kingdom
2025,mercedes-amg-petronas-f1-team,germany,Germany 
2025,moneygram-haas-f1-team,united-states-of-america,United States Of America
2025,oracle-red-bull-racing,austria,Austria 
2025,scuderia-ferrari,italy,Italy 
2025,stake-f1-team-kick-sauber,switzerland,Switzerland 
2025,visa-cash-app-racing-bulls-f1-team,italy,Italy 
